№;Месяц;Группировка;Гос. номер;Пробег в поездках;Моточасы;Моточасы в движении;Моточасы без движения;Заправлено;Потрачено по ДУТ всего;Потрачено по ДУТ в движении;Ср. расход по ДУТ всего;Потрачено по ДУТ на холостом ходу;Ср. расход по ДУТ на холостом ходу;Ср. расход по ДУТ в движении;Ср. скорость;Макс. скорость;;
1.1;Январь 2024;DAF О569ХМ777 ООО КР ГРУПП;о569хм777;7 639;191,8;146,5;43,9;2 581;2 528;2 306;34,0;74;1,7;31,1;52;113;;
1.2;Январь 2024;DAF О643ХМ777 ООО КР ГРУПП;О643ХМ777;17 671;437,9;281,7;119,3;;;;;;;;64;146;;
1.3;Январь 2024;DAF О959ТУ777 ООО КР ГРУПП;О959ТУ777;3 507;156,0;100,9;53,6;1 299;1 543;1 343;45,6;177;3,3;39,7;34;435;;
1.4;Январь 2024;DAF О985ТУ777 ООО КР ГРУПП;О985ТУ777;6 942;244,4;143,2;101,0;3 028;2 851;2 594;36,6;240;2,4;32,7;57;230;;
1.5;Январь 2024;MAN А033КМ77 ООО КР ГРУПП;А033КМ77;4 727;199,0;135,2;61,3;1 772;1 983;1 834;41,6;156;2,7;39,2;35;137;;
1.6;Январь 2024;MAN Е329ОМ77 ООО КР ГРУПП;Е329ОМ77;11 742;248,2;178,3;68,3;;;;;;;;66;122;;
1.7;Январь 2024;MAN М065МН777 ООО КР ГРУПП;М065МН777;7 831;367,2;197,0;165,0;;;;;;;;45;337;;
1.8;Январь 2024;MAN Р601КХ77 ООО КР ГРУПП;Р601КХ77;2 743;175,5;73,6;101,4;;;;;;;;33;96;;
1.9;Январь 2024;MAN Х584ВМ777 ООО КР ГРУПП;Х584ВМ777;8 847;197,9;149,3;48,1;;;;;;;;60;107;;
1.10;Январь 2024;КАМАЗ В939УС799 ООО КР ГРУПП;В939УС799;3 335;263,3;91,0;171,3;1 667;1 469;1 077;49,0;432;2,5;36,3;34;154;;
1.11;Январь 2024;КАМАЗ В979УС799 ООО КР ГРУПП;В979УС799;9 165;257,5;165,3;80,5;3 069;2 871;2 593;35,1;172;2,1;31,7;50;143;;
1.12;Январь 2024;КАМАЗ М542МА799 ООО КР ГРУПП;М542МА799;10 262;320,4;170,0;120,7;3 723;3 636;2 745;41,7;386;3,2;31,6;56;156;;
1.13;Январь 2024;КАМАЗ М577МА799 ООО КР ГРУПП;М577МА799;10 308;324,4;175,5;147,7;3 696;3 507;3 063;34,4;475;3,2;30,1;58;102;;
1.14;Январь 2024;КАМАЗ М609МА799 ООО КР ГРУПП;М609МА799;9 000;318,7;199,3;107,7;3 510;3 350;2 658;41,7;325;3,0;33,3;45;152;;
1.15;Январь 2024;КАМАЗ О929КВ799 ООО КР ГРУПП;О929КВ799;4 725;180,5;82,8;77,6;1 613;1 729;1 024;54,0;352;4,6;32,1;41;157;;
1.16;Январь 2024;КАМАЗ Р089КВ799 ООО КР ГРУПП;Р089КВ799;6 083;377,6;143,6;233,5;2 604;2 394;1 783;41,0;585;2,5;30,8;41;144;;
1.17;Январь 2024;КАМАЗ Р213КВ799 ООО КР ГРУПП;Р213КВ799;8 148;299,7;176,7;115,9;2 859;2 870;2 496;35,1;419;3,6;30,7;47;176;;
1.18;Январь 2024;КАМАЗ Р235КВ799 ООО КР ГРУПП;Р235КВ799;4 280;499,8;137,9;361,9;2 411;2 246;1 417;57,0;843;2,3;36,2;31;302;;
1.19;Январь 2024;КАМАЗ У441ВО799 ООО КР ГРУПП;У441ВО799;8 008;437,1;152,7;284,0;2 970;3 080;2 627;39,8;381;1,3;34,1;53;109;;
1.20;Январь 2024;КАМАЗ У451ВО799 ООО КР ГРУПП;У451ВО799;3 325;184,4;124,8;55,9;1 157;1 523;1 175;55,5;179;3,4;43,4;29;187;;
1.21;Январь 2024;КАМАЗ Х066ВО799 ООО КР ГРУПП;Х066ВО799;10 826;294,4;175,4;72,4;3 631;3 607;2 672;48,1;583;8,4;35,7;44;170;;
1.22;Январь 2024;КАМАЗ Х132ВО799 ООО КР ГРУПП;Х132ВО799;9 104;327,7;188,1;139,5;2 878;3 173;2 887;36,2;318;2,3;33,1;49;124;;
2.1;Февраль 2024;DAF О569ХМ777 ООО КР ГРУПП;о569хм777;11 369;205,4;170,8;32,1;3 538;3 556;3 297;32,7;77;2,4;30,3;66;172;;
2.2;Февраль 2024;DAF О643ХМ777 ООО КР ГРУПП;О643ХМ777;14 954;332,6;201,2;99,2;;;;;;;;62;211;;
2.3;Февраль 2024;DAF О959ТУ777 ООО КР ГРУПП;О959ТУ777;4 779;186,5;139,4;46,2;2 106;1 856;1 774;40,1;161;3,5;38,5;33;340;;
2.4;Февраль 2024;DAF О985ТУ777 ООО КР ГРУПП;О985ТУ777;12 428;209,4;169,3;39,1;3 560;3 679;3 524;32,0;173;4,4;31,0;66;419;;
2.5;Февраль 2024;MAN А033КМ77 ООО КР ГРУПП;А033КМ77;2 957;120,0;79,3;40,5;1 630;1 212;1 137;40,8;107;2,4;38,6;37;124;;
2.6;Февраль 2024;MAN Е329ОМ77 ООО КР ГРУПП;Е329ОМ77;17 858;336,7;271,6;64,6;;;;;;;;67;367;;
2.7;Февраль 2024;MAN М065МН777 ООО КР ГРУПП;М065МН777;4 634;200,6;132,0;67,9;;;;;;;;36;133;;
2.8;Февраль 2024;MAN Р601КХ77 ООО КР ГРУПП;Р601КХ77;5 630;249,4;131,4;117,1;;;;;;;;39;104;;
2.9;Февраль 2024;MAN Х584ВМ777 ООО КР ГРУПП;Х584ВМ777;10 688;186,2;160,6;23,8;;;;;;;;67;113;;
2.10;Февраль 2024;КАМАЗ В939УС799 ООО КР ГРУПП;В939УС799;4 193;161,3;90,8;69,7;1 459;1 437;1 259;38,2;148;2,1;33,6;44;209;;
2.11;Февраль 2024;КАМАЗ В979УС799 ООО КР ГРУПП;В979УС799;16 576;298,9;248,3;50,3;4 852;4 849;4 700;32,1;87;1,7;31,2;61;122;;
2.12;Февраль 2024;КАМАЗ М542МА799 ООО КР ГРУПП;М542МА799;16 416;293,8;227,6;39,5;5 826;5 682;4 851;39,3;260;6,7;33,6;63;174;;
2.13;Февраль 2024;КАМАЗ М577МА799 ООО КР ГРУПП;М577МА799;11 016;189,1;165,7;22,7;3 169;3 555;3 361;33,1;135;6,0;31,3;65;178;;
2.14;Февраль 2024;КАМАЗ М609МА799 ООО КР ГРУПП;М609МА799;10 110;209,5;161,7;39,5;3 473;3 611;2 775;43,5;117;3,0;33,5;59;426;;
2.15;Февраль 2024;КАМАЗ О929КВ799 ООО КР ГРУПП;О929КВ799;4 452;370,4;116,5;211,0;2 004;1 879;1 100;49,9;679;3,2;29,6;31;246;;
2.16;Февраль 2024;КАМАЗ Р089КВ799 ООО КР ГРУПП;Р089КВ799;5 572;198,2;116,4;77,5;1 790;1 651;1 501;33,5;248;3,2;30,6;40;98;;
2.17;Февраль 2024;КАМАЗ Р213КВ799 ООО КР ГРУПП;Р213КВ799;4 900;205,3;131,4;70,2;1 948;1 786;1 593;36,9;331;4,7;33,1;35;111;;
2.18;Февраль 2024;КАМАЗ Р235КВ799 ООО КР ГРУПП;Р235КВ799;11 561;472,2;220,9;248,6;4 392;4 180;3 683;37,6;541;2,2;32,9;51;378;;
2.19;Февраль 2024;КАМАЗ У441ВО799 ООО КР ГРУПП;У441ВО799;9 759;192,4;146,8;45,2;3 300;3 246;3 114;34,5;70;1,5;33,1;64;131;;
2.20;Февраль 2024;КАМАЗ У451ВО799 ООО КР ГРУПП;У451ВО799;4 268;148,8;104,0;34,3;1 952;1 657;1 179;56,8;118;3,6;40,9;33;144;;
2.21;Февраль 2024;КАМАЗ Х066ВО799 ООО КР ГРУПП;Х066ВО799;9 846;239,8;164,9;58,6;2 910;2 837;2 189;36,7;302;5,4;28,5;51;239;;
2.22;Февраль 2024;КАМАЗ Х132ВО799 ООО КР ГРУПП;Х132ВО799;12 992;296,5;184,2;110,6;4 921;4 896;4 664;39,1;239;2,2;37,3;69;207;;
3.1;Март 2024;DAF О569ХМ777 ООО КР ГРУПП;о569хм777;6 567;118,1;99,7;17,8;1 891;2 101;1 939;33,7;36;2,1;31,1;64;137;;
3.2;Март 2024;DAF О643ХМ777 ООО КР ГРУПП;О643ХМ777;17 809;347,8;247,2;76,6;;;;;;;;65;170;;
3.3;Март 2024;DAF О959ТУ777 ООО КР ГРУПП;О959ТУ777;4 675;136,9;106,1;27,8;1 485;1 628;1 641;35,5;94;3,4;35,9;42;396;;
3.4;Март 2024;DAF О985ТУ777 ООО КР ГРУПП;О985ТУ777;9 413;186,3;151,8;33,9;3 438;3 257;3 147;33,1;155;4,7;32,0;66;300;;
3.5;Март 2024;MAN А033КМ77 ООО КР ГРУПП;А033КМ77;3 886;171,3;113,4;56,3;1 609;1 581;1 496;40,7;151;3,1;38,8;34;228;;
3.6;Март 2024;MAN Е329ОМ77 ООО КР ГРУПП;Е329ОМ77;12 762;264,1;192,4;69,2;;;;;;;;66;139;;
3.7;Март 2024;MAN М065МН777 ООО КР ГРУПП;М065МН777;4 211;204,1;151,1;52,1;;;;;;;;38;103;;
3.8;Март 2024;MAN Р601КХ77 ООО КР ГРУПП;Р601КХ77;3 502;36,0;20,5;15,1;;;;;;;;43;98;;
3.9;Март 2024;MAN Х584ВМ777 ООО КР ГРУПП;Х584ВМ777;13 131;235,0;200,5;25,9;;;;;;;;63;215;;
3.10;Март 2024;КАМАЗ В939УС799 ООО КР ГРУПП;В939УС799;699;29,5;16,1;13,4;141;276;249;42,3;36;2,7;38,3;41;93;;
3.11;Март 2024;КАМАЗ В979УС799 ООО КР ГРУПП;В979УС799;13 249;225,6;194,9;29,8;4 025;3 879;3 776;32,1;59;2,0;31,3;63;106;;
3.12;Март 2024;КАМАЗ М542МА799 ООО КР ГРУПП;М542МА799;8 919;168,5;116,4;19,9;2 746;3 071;2 291;43,6;166;8,4;32,6;59;276;;
3.13;Март 2024;КАМАЗ М577МА799 ООО КР ГРУПП;М577МА799;12 173;109,3;101,6;7,8;2 677;2 270;2 188;32,6;44;5,7;31,5;69;456;;
3.14;Март 2024;КАМАЗ М609МА799 ООО КР ГРУПП;М609МА799;8 359;186,8;153,1;30,3;2 930;2 803;2 567;35,9;131;4,7;32,9;51;200;;
3.15;Март 2024;КАМАЗ О929КВ799 ООО КР ГРУПП;О929КВ799;3 614;354,9;89,0;204,0;1 614;1 687;848;56,3;643;3,2;28,6;39;130;;
3.16;Март 2024;КАМАЗ Р089КВ799 ООО КР ГРУПП;Р089КВ799;7 194;354,5;163,0;186,8;2 610;2 734;2 292;35,6;401;2,2;30,0;49;187;;
3.17;Март 2024;КАМАЗ Р213КВ799 ООО КР ГРУПП;Р213КВ799;5 296;186,8;135,3;51,2;1 632;1 806;1 672;34,3;282;5,5;31,9;37;176;;
3.18;Март 2024;КАМАЗ Р235КВ799 ООО КР ГРУПП;Р235КВ799;9 901;465,9;208,4;257,0;3 910;3 778;3 276;38,3;529;2,1;33,6;47;150;;
3.19;Март 2024;КАМАЗ У441ВО799 ООО КР ГРУПП;У441ВО799;15 607;257,8;222,4;34,5;5 047;5 062;4 713;34,0;33;1,0;31,7;68;115;;
3.20;Март 2024;КАМАЗ У451ВО799 ООО КР ГРУПП;У451ВО799;2 829;90,6;66,5;16,0;926;1 067;876;49,3;86;5,8;41,0;36;207;;
3.21;Март 2024;КАМАЗ Х066ВО799 ООО КР ГРУПП;Х066ВО799;9 664;212,0;152,7;53,3;3 254;3 208;2 740;39,4;283;5,4;33,8;57;270;;
3.22;Март 2024;КАМАЗ Х132ВО799 ООО КР ГРУПП;Х132ВО799;9 696;297,0;149,9;131,7;4 089;3 960;3 622;43,0;294;2,3;39,4;69;120;;
4.1;Октябрь 2023;DAF О569ХМ777 ООО КР ГРУПП;о569хм777;7 274;205,1;169,8;34,5;4 988;5 170;2 572;62,8;543;15,8;31,3;49;111;;
4.2;Октябрь 2023;DAF О643ХМ777 ООО КР ГРУПП;О643ХМ777;6 306;149,7;110,3;38,2;;;;;;;;52;128;;
4.3;Октябрь 2023;DAF О959ТУ777 ООО КР ГРУПП;О959ТУ777;7 333;172,0;139,2;31,7;12 879;12 649;4 301;;994;;66,6;45;218;;
4.4;Октябрь 2023;DAF О985ТУ777 ООО КР ГРУПП;О985ТУ777;8 119;216,1;165,8;49,6;17 743;17 900;2 800;;;;33,3;50;144;;
4.5;Октябрь 2023;MAN А033КМ77 ООО КР ГРУПП;А033КМ77;6 534;;;;3 890;3 679;2 709;;748;14,6;38,9;39;96;;
4.6;Октябрь 2023;MAN Е329ОМ77 ООО КР ГРУПП;Е329ОМ77;1 242;414,8;50,7;20,5;;;;;;;;39;98;;
4.7;Октябрь 2023;MAN М065МН777 ООО КР ГРУПП;М065МН777;2 451;;;;;;;;;;;34;2;;
4.8;Октябрь 2023;MAN Р601КХ77 ООО КР ГРУПП;Р601КХ77;6 014;192,3;125,2;62,6;;;;;;;;52;152;;
4.9;Октябрь 2023;MAN Х584ВМ777 ООО КР ГРУПП;Х584ВМ777;12 808;226,6;202,1;24,0;;;;;;;;61;107;;
4.10;Октябрь 2023;КАМАЗ В939УС799 ООО КР ГРУПП;В939УС799;9 772;222,3;188,8;33,2;4 031;4 082;3 491;40,4;280;8,4;34,6;53;363;;
4.11;Октябрь 2023;КАМАЗ В979УС799 ООО КР ГРУПП;В979УС799;3 314;100,1;80,5;19,6;1 563;1 560;1 359;50,4;238;12,2;44,1;37;115;;
4.12;Октябрь 2023;КАМАЗ М542МА799 ООО КР ГРУПП;М542МА799;13 318;265,0;227,0;37,1;30 908;31 074;4 196;;;;32,2;57;130;;
4.13;Октябрь 2023;КАМАЗ М577МА799 ООО КР ГРУПП;М577МА799;8 969;190,0;170,6;19,3;9 927;9 791;4 330;;;;45,8;55;183;;
4.14;Октябрь 2023;КАМАЗ М609МА799 ООО КР ГРУПП;М609МА799;7 753;242,6;179,7;61,9;3 424;3 399;2 880;45,9;444;7,2;39,1;40;126;;
4.15;Октябрь 2023;КАМАЗ О929КВ799 ООО КР ГРУПП;О929КВ799;4 781;174,7;137,4;36,5;6 812;6 936;1 625;;;;32,2;33;176;;
4.16;Октябрь 2023;КАМАЗ Р089КВ799 ООО КР ГРУПП;Р089КВ799;2 152;;;;2 251;2 346;8;;;1,0;0,5;36;115;;
4.17;Октябрь 2023;КАМАЗ Р213КВ799 ООО КР ГРУПП;Р213КВ799;4 689;;;;5 851;5 795;524;;;;;44;107;;
4.18;Октябрь 2023;КАМАЗ Р235КВ799 ООО КР ГРУПП;Р235КВ799;4 255;156,4;108,2;47,4;3 016;2 896;1 614;68,2;599;12,6;38,1;39;109;;
4.19;Октябрь 2023;КАМАЗ У441ВО799 ООО КР ГРУПП;У441ВО799;7 961;192,0;145,9;43,4;3 084;2 863;2 779;36,6;91;2,1;35,6;53;102;;
4.20;Октябрь 2023;КАМАЗ У451ВО799 ООО КР ГРУПП;У451ВО799;3 917;;;;2 269;2 093;1 176;53,7;602;0,6;30,3;41;106;;
4.21;Октябрь 2023;КАМАЗ Х066ВО799 ООО КР ГРУПП;Х066ВО799;6 533;;;;13 859;13 558;3 255;;;;33,6;46;113;;
4.22;Октябрь 2023;КАМАЗ Х132ВО799 ООО КР ГРУПП;Х132ВО799;12 201;292,5;245,9;45,7;5 088;5 011;5 017;38,8;226;4,9;39,0;53;211;;
5.1;Ноябрь 2023;DAF О569ХМ777 ООО КР ГРУПП;о569хм777;11 253;193,3;164,1;28,9;2 898;2 968;2 774;30,9;50;1,7;28,9;59;115;;
5.2;Ноябрь 2023;DAF О643ХМ777 ООО КР ГРУПП;О643ХМ777;15 801;340,2;258,5;81,4;;;;;;;;57;143;;
5.3;Ноябрь 2023;DAF О959ТУ777 ООО КР ГРУПП;О959ТУ777;7 212;161,7;131,7;29,0;1 913;2 388;2 386;33,6;82;2,8;33,6;53;131;;
5.4;Ноябрь 2023;DAF О985ТУ777 ООО КР ГРУПП;О985ТУ777;9 565;178,2;147,5;28,5;2 670;2 646;2 642;30,3;114;4,0;30,3;59;383;;
5.5;Ноябрь 2023;MAN А033КМ77 ООО КР ГРУПП;А033КМ77;5 317;221,5;143,2;76,8;1 847;2 024;1 903;41,5;159;2,0;39,6;34;319;;
5.6;Ноябрь 2023;MAN Е329ОМ77 ООО КР ГРУПП;Е329ОМ77;11 397;232,7;148,5;79,7;;;;;;;;63;337;;
5.7;Ноябрь 2023;MAN М065МН777 ООО КР ГРУПП;М065МН777;7 658;;;;;;;;;;;2;14;;
5.8;Ноябрь 2023;MAN Р601КХ77 ООО КР ГРУПП;Р601КХ77;6 996;203,1;104,0;96,7;;;;;;;;50;102;;
5.9;Ноябрь 2023;MAN Х584ВМ777 ООО КР ГРУПП;Х584ВМ777;10 154;178,2;143,2;34,5;;;;;;;;59;135;;
5.10;Ноябрь 2023;КАМАЗ В939УС799 ООО КР ГРУПП;В939УС799;9 201;199,8;145,9;51,7;2 784;2 655;2 495;32,5;128;2,5;30,6;57;241;;
5.11;Ноябрь 2023;КАМАЗ В979УС799 ООО КР ГРУПП;В979УС799;3 311;104,9;82,8;21,9;1 237;1 003;988;31,8;28;1,3;31,3;37;87;;
5.12;Ноябрь 2023;КАМАЗ М542МА799 ООО КР ГРУПП;М542МА799;4 306;124,5;94,7;26,1;1 399;1 365;1 309;31,5;167;6,4;30,3;43;113;;
5.13;Ноябрь 2023;КАМАЗ М577МА799 ООО КР ГРУПП;М577МА799;9 307;176,5;154,9;21,3;3 036;2 800;2 618;33,0;125;5,9;30,9;55;235;;
5.14;Ноябрь 2023;КАМАЗ М609МА799 ООО КР ГРУПП;М609МА799;8 145;287,6;194,0;82,8;2 694;2 906;2 653;36,1;259;3,2;33,1;41;174;;
5.15;Ноябрь 2023;КАМАЗ О929КВ799 ООО КР ГРУПП;О929КВ799;5 380;138,1;108,8;28,7;1 731;1 484;1 438;33,8;270;9,5;31,6;39;139;;
5.16;Ноябрь 2023;КАМАЗ Р089КВ799 ООО КР ГРУПП;Р089КВ799;;;;;;;;;;;;;;;
5.17;Ноябрь 2023;КАМАЗ Р213КВ799 ООО КР ГРУПП;Р213КВ799;1 068;160,7;114,9;45,8;1 984;1 866;1 704;33,0;268;5,9;30,2;47;100;;
5.18;Ноябрь 2023;КАМАЗ Р235КВ799 ООО КР ГРУПП;Р235КВ799;6 087;249,8;165,3;82,4;1 989;2 162;2 103;33,8;163;2,0;32,4;39;98;;
5.19;Ноябрь 2023;КАМАЗ У441ВО799 ООО КР ГРУПП;У441ВО799;7 727;239,6;184,3;55,2;2 832;2 976;2 784;30,6;93;1,7;28,7;51;107;;
5.20;Ноябрь 2023;КАМАЗ У451ВО799 ООО КР ГРУПП;У451ВО799;6 736;;;;2 224;2 299;2 164;34,0;8;4,9;32,1;50;135;;
5.21;Ноябрь 2023;КАМАЗ Х066ВО799 ООО КР ГРУПП;Х066ВО799;7 745;212,0;;;2 411;2 604;2 592;33,6;7;4,2;33,6;45;139;;
5.22;Ноябрь 2023;КАМАЗ Х132ВО799 ООО КР ГРУПП;Х132ВО799;11 377;243,5;207,9;35,6;4 915;4 999;4 975;38,9;93;2,6;38,7;62;135;;
6.1;Декабрь 2023;DAF О569ХМ777 ООО КР ГРУПП;о569хм777;11 549;230,4;190,8;35,4;4 036;4 002;3 747;36,2;65;1,8;33,9;60;435;;
6.2;Декабрь 2023;DAF О643ХМ777 ООО КР ГРУПП;О643ХМ777;15 055;317,6;228,1;86,5;;;;;;;;58;122;;
6.3;Декабрь 2023;DAF О959ТУ777 ООО КР ГРУПП;О959ТУ777;4 496;183,0;121,3;61,5;2 620;2 281;1 899;43,4;182;3,0;36,2;43;105;;
6.4;Декабрь 2023;DAF О985ТУ777 ООО КР ГРУПП;О985ТУ777;8 099;250,2;173,4;72,9;3 220;3 316;3 160;36,7;295;4,1;35,0;52;107;;
6.5;Декабрь 2023;MAN А033КМ77 ООО КР ГРУПП;А033КМ77;4 089;230,7;139,3;91,4;2 013;2 070;1 866;46,8;237;2,5;42,4;32;96;;
6.6;Декабрь 2023;MAN Е329ОМ77 ООО КР ГРУПП;Е329ОМ77;10 531;446,6;214,1;232,2;;;;;;;;56;276;;
6.7;Декабрь 2023;MAN М065МН777 ООО КР ГРУПП;М065МН777;6 082;131,3;86,4;44,7;;;;;;;;38;107;;
6.8;Декабрь 2023;MAN Р601КХ77 ООО КР ГРУПП;Р601КХ77;4 095;284,4;120,8;163,0;;;;;;;;36;106;;
6.9;Декабрь 2023;MAN Х584ВМ777 ООО КР ГРУПП;Х584ВМ777;7 457;237,5;178,6;57,2;;;;;;;;54;139;;
6.10;Декабрь 2023;КАМАЗ В939УС799 ООО КР ГРУПП;В939УС799;7 751;201,7;144,8;54,3;1 715;1 819;2 087;29,3;102;1,9;33,7;43;109;;
6.11;Декабрь 2023;КАМАЗ В979УС799 ООО КР ГРУПП;В979УС799;4 696;112,5;82,2;30,2;1 182;1 374;1 275;32,8;72;2,4;30,5;51;207;;
6.12;Декабрь 2023;КАМАЗ М542МА799 ООО КР ГРУПП;М542МА799;6 811;195,6;142,1;47,8;2 379;2 284;2 077;34,4;333;7,0;31,4;45;220;;
6.13;Декабрь 2023;КАМАЗ М577МА799 ООО КР ГРУПП;М577МА799;8 224;201,0;158,8;41,9;2 645;2 754;2 573;33,5;215;5,1;31,3;51;102;;
6.14;Декабрь 2023;КАМАЗ М609МА799 ООО КР ГРУПП;М609МА799;8 392;235,1;166,0;65,0;3 128;3 090;2 715;39,3;220;3,4;34,7;49;126;;
6.15;Декабрь 2023;КАМАЗ О929КВ799 ООО КР ГРУПП;О929КВ799;3 824;154,9;114,5;38,2;1 618;1 627;1 425;34,2;274;7,2;31,2;38;335;;
6.16;Декабрь 2023;КАМАЗ Р089КВ799 ООО КР ГРУПП;Р089КВ799;1 605;73,1;31,8;40,9;464;510;401;39,1;128;3,1;31,1;39;107;;
6.17;Декабрь 2023;КАМАЗ Р213КВ799 ООО КР ГРУПП;Р213КВ799;11 036;252,8;199,0;53,5;3 512;3 655;3 483;33,1;252;4,7;31,6;55;304;;
6.18;Декабрь 2023;КАМАЗ Р235КВ799 ООО КР ГРУПП;Р235КВ799;6 679;197,9;105,3;92,3;2 264;2 320;2 063;37,3;230;2,5;33,9;59;111;;
6.19;Декабрь 2023;КАМАЗ У441ВО799 ООО КР ГРУПП;У441ВО799;13 808;323,8;217,3;104,6;3 898;3 899;3 591;34,2;233;2,2;31,6;51;259;;
6.20;Декабрь 2023;КАМАЗ У451ВО799 ООО КР ГРУПП;У451ВО799;5 496;184,1;134,0;44,4;2 272;1 982;1 549;48,5;151;6,3;38,4;37;166;;
6.21;Декабрь 2023;КАМАЗ Х066ВО799 ООО КР ГРУПП;Х066ВО799;9 000;258,0;187,0;60,7;3 224;3 265;2 829;41,3;399;6,8;36,0;43;115;;
6.22;Декабрь 2023;КАМАЗ Х132ВО799 ООО КР ГРУПП;Х132ВО799;8 938;253,9;197,8;56,1;4 158;3 981;3 905;36,4;123;2,2;35,7;56;122;;
1.1;Апрель 2024;DAF О569ХМ777 ООО КР ГРУПП;о569хм777;8 227;155,7;138,3;13,1;2 669;2 429;2 261;30,8;24;1,9;28,7;60;235;;
1.2;Апрель 2024;DAF О643ХМ777 ООО КР ГРУПП;О643ХМ777;13 204;;;;;;;;;;;66;196;;
1.3;Апрель 2024;DAF О959ТУ777 ООО КР ГРУПП;О959ТУ777;7 607;160,4;142,5;17,0;2 942;2 808;2 639;37,8;52;3,0;35,6;50;303;;
1.4;Апрель 2024;DAF О985ТУ777 ООО КР ГРУПП;О985ТУ777;14 273;262,7;226,1;34,4;3 985;4 030;4 081;30,1;133;3,9;30,5;60;250;;
1.5;Апрель 2024;MAN А033КМ77 ООО КР ГРУПП;А033КМ77;2 926;116,3;85,7;28,8;800;1 097;1 057;37,5;58;1,0;37,7;33;141;;
1.6;Апрель 2024;MAN Е329ОМ77 ООО КР ГРУПП;Е329ОМ77;13 132;271,5;203,6;66,4;;;;;;;;67;439;;
1.7;Апрель 2024;MAN М065МН777 ООО КР ГРУПП;М065МН777;8 179;202,6;161,7;37,7;;;;;;;;44;164;;
1.8;Апрель 2024;MAN Х584ВМ777 ООО КР ГРУПП;Х584ВМ777;11 265;200,1;176,1;23,8;;;;;;;;64;211;;
1.9;Апрель 2024;КАМАЗ В939УС799 ООО КР ГРУПП;В939УС799;7 498;187,6;154,0;31,9;2 145;2 196;2 210;31,5;42;1,3;31,8;46;146;;
1.10;Апрель 2024;КАМАЗ В979УС799 ООО КР ГРУПП;В979УС799;15 762;257,2;235,0;21,5;4 457;4 445;4 400;30,8;39;1,8;30,5;61;315;;
1.11;Апрель 2024;КАМАЗ М542МА799 ООО КР ГРУПП;М542МА799;14 070;235,5;206,9;25,6;5 131;4 835;4 331;38,2;222;8,8;34,3;64;257;;
1.12;Апрель 2024;КАМАЗ М609МА799 ООО КР ГРУПП;М609МА799;7 900;161,4;135,6;25,1;2 527;2 616;2 397;35,5;118;4,9;32,6;55;289;;
1.13;Апрель 2024;КАМАЗ О929КВ799 ООО КР ГРУПП;О929КВ799;3 571;187,5;88,8;96,4;1 217;1 326;1 110;36,6;431;4,5;30,8;38;222;;
1.14;Апрель 2024;КАМАЗ Р089КВ799 ООО КР ГРУПП;Р089КВ799;8 016;102,2;78,1;23,6;1 144;1 241;1 132;27,6;79;3,3;25,4;58;135;;
1.15;Апрель 2024;КАМАЗ Р213КВ799 ООО КР ГРУПП;Р213КВ799;8 017;192,4;157,4;34,3;2 644;2 537;2 465;31,8;225;6,6;31,0;49;361;;
1.16;Апрель 2024;КАМАЗ Р235КВ799 ООО КР ГРУПП;Р235КВ799;7 332;474,9;182,6;290,3;2 846;2 849;2 413;40,2;527;1,8;34,0;39;185;;
1.17;Апрель 2024;КАМАЗ У441ВО799 ООО КР ГРУПП;У441ВО799;10 366;183,7;156,7;25,9;3 798;3 300;2 965;32,9;45;1,7;29,6;64;459;;
1.18;Апрель 2024;КАМАЗ У451ВО799 ООО КР ГРУПП;У451ВО799;4 874;136,7;112,1;18,5;1 851;1 724;1 455;43,6;93;5,4;37,3;40;220;;
1.19;Апрель 2024;КАМАЗ Х066ВО799 ООО КР ГРУПП;Х066ВО799;7 654;186,0;137,0;47,6;2 458;2 480;2 207;37,2;137;3,0;33,3;52;243;;
1.20;Апрель 2024;КАМАЗ Х132ВО799 ООО КР ГРУПП;Х132ВО799;2 193;32,4;26,5;5,9;414;412;404;19,6;6;1,1;19,3;81;122;;
2.1;Май 2024;DAF О569ХМ777 ООО КР ГРУПП;о569хм777;10 056;187,5;157,8;22,5;3 136;3 468;3 210;36,5;39;1,7;33,8;62;163;;
2.2;Май 2024;DAF О643ХМ777 ООО КР ГРУПП;О643ХМ777;14 997;;;;;;;;;;;68;232;;
2.3;Май 2024;DAF О959ТУ777 ООО КР ГРУПП;О959ТУ777;4 995;175,1;135,8;25,5;1 648;1 753;1 691;39,4;90;3,5;38,2;33;222;;
2.4;Май 2024;DAF О985ТУ777 ООО КР ГРУПП;О985ТУ777;9 024;174,2;154,4;18,8;2 663;2 993;2 945;33,9;84;4,5;33,5;58;130;;
2.5;Май 2024;MAN А033КМ77 ООО КР ГРУПП;А033КМ77;2 529;116,7;79,9;36,0;802;981;916;38,7;71;2,5;38,2;31;98;;
2.6;Май 2024;MAN Е329ОМ77 ООО КР ГРУПП;Е329ОМ77;12 301;248,7;183,7;62,8;;;;;;;;67;335;;
2.7;Май 2024;MAN М065МН777 ООО КР ГРУПП;М065МН777;2 181;85,5;65,6;19,6;;;;;;;;34;112;;
2.8;Май 2024;MAN Х584ВМ777 ООО КР ГРУПП;Х584ВМ777;6 434;128,8;116,5;11,7;;;;;;;;57;191;;
2.9;Май 2024;КАМАЗ В939УС799 ООО КР ГРУПП;В939УС799;6 281;180,9;141,2;39,2;2 007;1 941;1 888;33,4;62;1,6;32,7;43;113;;
2.10;Май 2024;КАМАЗ В979УС799 ООО КР ГРУПП;В979УС799;17 269;271,4;248,2;22,6;4 519;4 716;4 682;29,8;39;1,7;29,6;64;298;;
2.11;Май 2024;КАМАЗ М542МА799 ООО КР ГРУПП;М542МА799;14 615;270,8;226,9;29,2;4 848;4 995;4 277;40,1;268;9,6;34,5;56;432;;
2.12;Май 2024;КАМАЗ М609МА799 ООО КР ГРУПП;М609МА799;6 942;163,9;136,7;20,1;2 310;2 297;2 056;35,8;99;5,1;32,1;48;311;;
2.13;Май 2024;КАМАЗ О929КВ799 ООО КР ГРУПП;О929КВ799;10 026;253,0;183,0;55,0;3 904;3 519;3 046;36,4;399;7,4;31,6;52;178;;
2.14;Май 2024;КАМАЗ Р089КВ799 ООО КР ГРУПП;Р089КВ799;4 965;207,7;139,8;63,5;2 555;2 428;2 237;31,0;229;3,6;28,8;55;409;;
2.15;Май 2024;КАМАЗ Р213КВ799 ООО КР ГРУПП;Р213КВ799;7 304;176,5;145,3;29,9;2 301;2 392;2 287;32,8;212;7,1;31,5;51;278;;
2.16;Май 2024;КАМАЗ Р235КВ799 ООО КР ГРУПП;Р235КВ799;6 301;325,4;175,9;147,1;2 281;2 453;2 246;39,5;309;2,1;36,6;36;430;;
2.17;Май 2024;КАМАЗ У441ВО799 ООО КР ГРУПП;У441ВО799;13 885;249,7;219,7;26,4;4 105;4 438;4 337;32,8;30;1,2;32,1;61;296;;
2.18;Май 2024;КАМАЗ У451ВО799 ООО КР ГРУПП;У451ВО799;17 411;311,0;275,0;26,0;5 415;5 505;3 939;49,6;113;5,0;35,7;55;337;;
2.19;Май 2024;КАМАЗ Х066ВО799 ООО КР ГРУПП;Х066ВО799;6 812;182,6;140,2;42,1;1 965;2 232;2 100;34,8;190;4,8;32,9;48;365;;
2.20;Май 2024;КАМАЗ Х132ВО799 ООО КР ГРУПП;Х132ВО799;;;;;;;;;;;;;;;
3.1;Июнь 2024;DAF О569ХМ777 ООО КР ГРУПП;о569хм777;10 393;210,6;187,2;22,3;3 597;3 254;3 082;31,3;22;1,0;29,7;56;278;;
3.2;Июнь 2024;DAF О643ХМ777 ООО КР ГРУПП;О643ХМ777;13 253;164,7;135,9;28,0;1 981;2 273;2 169;17,9;44;1,6;17,2;61;181;;
3.3;Июнь 2024;DAF О959ТУ777 ООО КР ГРУПП;О959ТУ777;7 341;213,4;178,1;34,9;2 392;2 502;2 602;34,1;105;3,0;35,6;39;466;;
3.4;Июнь 2024;DAF О985ТУ777 ООО КР ГРУПП;О985ТУ777;4 412;117,9;100,5;15,9;1 722;1 721;1 922;27,4;57;3,6;30,6;62;135;;
3.5;Июнь 2024;MAN А033КМ77 ООО КР ГРУПП;А033КМ77;1 800;88,3;61,8;26,5;1 001;717;687;39,8;43;1,8;38,4;29;102;;
3.6;Июнь 2024;MAN Е329ОМ77 ООО КР ГРУПП;Е329ОМ77;9 739;243,0;168,7;71,5;;;;;;;;59;280;;
3.7;Июнь 2024;MAN М065МН777 ООО КР ГРУПП;М065МН777;9 333;199,3;166,5;31,6;;;;;;;;55;250;;
3.8;Июнь 2024;MAN Р601КХ77 ООО КР ГРУПП;Р601КХ77;3 344;97,2;70,3;26,0;800;949;886;35,8;54;2,1;33,5;38;107;;
3.9;Июнь 2024;MAN Х584ВМ777 ООО КР ГРУПП;Х584ВМ777;4 710;112,8;92,7;19,2;780;810;788;17,1;22;1,2;16,6;51;232;;
3.10;Июнь 2024;КАМАЗ В939УС799 ООО КР ГРУПП;В939УС799;5 364;180,2;146,4;33,6;1 049;1 319;1 676;25,9;42;1,3;33,0;35;94;;
3.11;Июнь 2024;КАМАЗ В979УС799 ООО КР ГРУПП;В979УС799;14 654;259,0;231,1;27,7;3 907;4 118;4 082;30,2;51;1,9;30,1;58;294;;
3.12;Июнь 2024;КАМАЗ М542МА799 ООО КР ГРУПП;М542МА799;11 876;230,8;194,9;30,2;4 229;4 065;3 522;39,2;248;9,0;34,1;54;306;;
3.13;Июнь 2024;КАМАЗ М577МА799 ООО КР ГРУПП;М577МА799;7 029;140,7;112,8;27,5;1 864;1 935;1 789;34,3;84;3,1;31,8;49;330;;
3.14;Июнь 2024;КАМАЗ М609МА799 ООО КР ГРУПП;М609МА799;5 606;120,0;103,9;11,4;1 797;1 811;1 606;35,2;64;5,9;31,3;49;430;;
3.15;Июнь 2024;КАМАЗ О929КВ799 ООО КР ГРУПП;О929КВ799;5 167;251,2;98,1;151,0;1 539;1 787;1 621;33,9;150;1,0;30,8;52;135;;
3.16;Июнь 2024;КАМАЗ Р089КВ799 ООО КР ГРУПП;Р089КВ799;15 366;269,0;227,5;38,2;4 727;4 634;4 487;30,4;162;4,3;29,5;65;235;;
3.17;Июнь 2024;КАМАЗ Р213КВ799 ООО КР ГРУПП;Р213КВ799;4 908;198,4;124,3;72,3;1 916;1 831;1 722;37,0;331;4,6;35,0;38;243;;
3.18;Июнь 2024;КАМАЗ Р235КВ799 ООО КР ГРУПП;Р235КВ799;6 045;157,0;110,9;43,7;2 115;2 027;1 969;33,5;68;1,6;32,6;55;282;;
3.19;Июнь 2024;КАМАЗ У441ВО799 ООО КР ГРУПП;У441ВО799;9 516;200,5;169,5;30,5;3 332;3 033;2 959;32,2;29;1,0;31,5;54;359;;
3.20;Июнь 2024;КАМАЗ У451ВО799 ООО КР ГРУПП;У451ВО799;8 064;211,7;188,0;20,8;2 894;2 700;2 547;35,8;69;3,6;33,9;41;368;;
3.21;Июнь 2024;КАМАЗ Х066ВО799 ООО КР ГРУПП;Х066ВО799;7 678;168,0;139,1;27,4;2 715;2 415;2 383;32,0;116;4,3;31,7;52;170;;
3.22;Июнь 2024;КАМАЗ Х132ВО799 ООО КР ГРУПП;Х132ВО799;1 579;55,3;28,0;27,2;610;529;546;33,5;18;0,7;34,6;57;159;;
1.1;Июль 2024;DAF О569ХМ777 ООО КР ГРУПП;о569хм777;13 494;222,9;208,9;12,4;3 800;3 898;3 723;29,3;36;2,9;28,0;63;256;;
1.2;Июль 2024;DAF О643ХМ777 ООО КР ГРУПП;О643ХМ777;14 787;271,3;227,6;43,5;4 752;4 311;4 193;29,5;98;2,3;28,7;63;220;;
1.3;Июль 2024;DAF О959ТУ777 ООО КР ГРУПП;О959ТУ777;9 081;261,9;201,4;60,5;3 060;3 172;3 354;35,2;170;2,8;37,3;43;372;;
1.4;Июль 2024;DAF О985ТУ777 ООО КР ГРУПП;О985ТУ777;12 485;201,5;160,4;41,1;3 036;3 062;3 037;28,4;146;3,6;28,3;66;270;;
1.5;Июль 2024;MAN А033КМ77 ООО КР ГРУПП;А033КМ77;3 912;162,0;107,9;53,2;1 300;1 417;1 345;36,2;81;1,6;34,7;36;172;;
1.6;Июль 2024;MAN Е329ОМ77 ООО КР ГРУПП;Е329ОМ77;15 380;325,3;239,7;77,6;;;;;;;;65;183;;
1.7;Июль 2024;MAN М065МН777 ООО КР ГРУПП;М065МН777;8 821;297,9;183,3;111,0;;;;;;;;50;157;;
1.8;Июль 2024;MAN Р601КХ77 ООО КР ГРУПП;Р601КХ77;2 881;143,6;76,3;66,1;1 184;1 179;1 094;40,2;124;1,9;37,5;39;124;;
1.9;Июль 2024;MAN Х584ВМ777 ООО КР ГРУПП;Х584ВМ777;11 570;204,7;184,2;20,2;3 369;3 172;3 172;26,8;;;26,9;63;430;;
1.10;Июль 2024;КАМАЗ В939УС799 ООО КР ГРУПП;В939УС799;4 375;176,9;127,2;49,1;1 915;1 487;1 452;34,9;182;3,7;34,3;33;94;;
1.11;Июль 2024;КАМАЗ В979УС799 ООО КР ГРУПП;В979УС799;7 747;141,5;122,0;19,2;2 314;2 124;2 108;29,4;31;1,6;29,2;58;161;;
1.12;Июль 2024;КАМАЗ М542МА799 ООО КР ГРУПП;М542МА799;13 849;261,3;225,4;35,8;4 365;4 414;4 392;31,4;212;6,0;31,3;61;263;;
1.13;Июль 2024;КАМАЗ М577МА799 ООО КР ГРУПП;М577МА799;7 657;220,4;161,9;58,0;2 275;2 455;2 344;31,3;148;2,6;30,0;48;272;;
1.14;Июль 2024;КАМАЗ М609МА799 ООО КР ГРУПП;М609МА799;7 923;161,3;143,8;12,5;2 539;2 597;2 468;34,5;51;4,2;32,9;50;165;;
1.15;Июль 2024;КАМАЗ О929КВ799 ООО КР ГРУПП;О929КВ799;8 795;171,7;146,6;14,9;2 890;2 869;2 447;36,1;150;11,6;30,9;52;311;;
1.16;Июль 2024;КАМАЗ Р089КВ799 ООО КР ГРУПП;Р089КВ799;10 743;248,2;196,8;48,8;3 083;3 058;3 052;28,9;215;4,4;28,1;53;253;;
1.17;Июль 2024;КАМАЗ Р213КВ799 ООО КР ГРУПП;Р213КВ799;3 998;231,5;98,5;132,7;2 030;1 696;1 440;41,6;433;3,3;35,5;38;139;;
1.18;Июль 2024;КАМАЗ Р235КВ799 ООО КР ГРУПП;Р235КВ799;13 584;274,4;212,6;60,8;3 869;4 192;4 134;31,0;112;1,9;30,6;63;198;;
1.19;Июль 2024;КАМАЗ У441ВО799 ООО КР ГРУПП;У441ВО799;12 401;232,4;200,0;32,1;3 760;3 894;3 650;31,6;63;2,0;29,7;59;402;;
1.20;Июль 2024;КАМАЗ У451ВО799 ООО КР ГРУПП;У451ВО799;14 749;261,4;238,3;20,9;4 070;4 410;3 726;36,6;139;7,9;31,1;59;339;;
1.21;Июль 2024;КАМАЗ Х066ВО799 ООО КР ГРУПП;Х066ВО799;12 696;238,4;203,4;28,0;3 694;3 732;3 398;31,5;118;4,5;28,8;57;252;;
1.22;Июль 2024;КАМАЗ Х132ВО799 ООО КР ГРУПП;Х132ВО799;8 203;152,1;135,3;16,0;2 501;2 662;2 955;33,5;48;3,0;37,3;59;306;;
2.1;Август 2024;DAF О569ХМ777 ООО КР ГРУПП;о569хм777;12 839;225,9;212,2;13,2;3 860;3 914;3 776;30,8;15;1,1;29,8;62;176;;
2.2;Август 2024;DAF О643ХМ777 ООО КР ГРУПП;О643ХМ777;15 984;316,1;264,2;50,1;5 069;4 936;4 786;31,2;134;2,7;30,3;59;209;;
2.3;Август 2024;DAF О959ТУ777 ООО КР ГРУПП;О959ТУ777;8 740;234,0;193,5;40,4;3 057;3 119;3 308;36,4;106;2,6;38,6;43;283;;
2.4;Август 2024;DAF О985ТУ777 ООО КР ГРУПП;О985ТУ777;13 908;244,4;215,0;28,6;4 469;4 033;4 018;29,0;118;4,1;28,9;64;193;;
2.5;Август 2024;IVECO Н904ТТ797 ООО КР ГРУПП;Н904ТТ797(В867ОА50);;;;;;;;;;;;;;;
2.6;Август 2024;MAN А033КМ77 ООО КР ГРУПП;А033КМ77;2 080;99,8;68,3;31,2;956;825;787;39,6;50;2,0;37,4;31;94;;
2.7;Август 2024;MAN Е329ОМ77 ООО КР ГРУПП;Е329ОМ77;15 117;336,8;250,7;83,0;;;;;;;;61;285;;
2.8;Август 2024;MAN М065МН777 ООО КР ГРУПП;М065МН777;9 493;189,8;161,0;28,8;;;;;;;;59;183;;
2.9;Август 2024;MAN Р601КХ77 ООО КР ГРУПП;Р601КХ77;5 941;159,0;126,5;32,4;2 298;2 195;2 127;36,5;57;1,8;35,5;48;104;;
2.10;Август 2024;MAN Х584ВМ777 ООО КР ГРУПП;Х584ВМ777;16 118;301,7;258,7;40,9;4 577;4 975;4 675;31,0;49;1,2;29,2;62;215;;
2.11;Август 2024;КАМАЗ В939УС799 ООО КР ГРУПП;В939УС799;7 660;194,9;164,8;30,0;2 275;2 504;2 501;32,7;271;9,1;32,8;46;100;;
2.12;Август 2024;КАМАЗ В979УС799 ООО КР ГРУПП;В979УС799;10 952;196,4;170,4;22,1;3 066;3 290;2 990;33,1;35;1,6;30,2;59;374;;
2.13;Август 2024;КАМАЗ М542МА799 ООО КР ГРУПП;М542МА799;8 325;148,7;133,6;14,1;3 066;3 112;2 777;38,2;476;34,0;34,2;59;254;;
2.14;Август 2024;КАМАЗ М577МА799 ООО КР ГРУПП;М577МА799;12 362;225,5;197,2;27,4;4 347;4 113;3 996;33,6;141;5,2;32,7;61;156;;
2.15;Август 2024;КАМАЗ М609МА799 ООО КР ГРУПП;М609МА799;13 523;254,3;221,0;31,9;4 512;4 418;4 276;33,3;117;3,7;32,3;58;165;;
2.16;Август 2024;КАМАЗ О929КВ799 ООО КР ГРУПП;О929КВ799;14 739;256,5;231,7;15,9;4 761;4 686;4 247;34,1;156;10,1;31,0;59;298;;
2.17;Август 2024;КАМАЗ Р089КВ799 ООО КР ГРУПП;Р089КВ799;18 959;321,6;285,8;35,1;5 782;5 885;5 713;31,2;140;4,0;30,9;64;156;;
2.18;Август 2024;КАМАЗ Р213КВ799 ООО КР ГРУПП;Р213КВ799;5 825;270,3;147,3;122,8;2 351;2 339;2 112;39,5;485;4,0;35,6;38;115;;
2.19;Август 2024;КАМАЗ Р235КВ799 ООО КР ГРУПП;Р235КВ799;11 813;214,7;183,3;31,0;3 888;3 872;3 834;33,2;67;2,2;32,9;64;215;;
2.20;Август 2024;КАМАЗ У441ВО799 ООО КР ГРУПП;У441ВО799;16 569;293,6;260,3;33,1;5 163;5 111;4 966;31,6;93;2,8;30,7;61;189;;
2.21;Август 2024;КАМАЗ У451ВО799 ООО КР ГРУПП;У451ВО799;8 502;219,6;182,0;27,6;3 255;2 898;2 455;41,2;92;3,6;35,2;42;443;;
2.22;Август 2024;КАМАЗ Х066ВО799 ООО КР ГРУПП;Х066ВО799;12 599;217,2;190,6;20,7;3 818;3 870;3 504;36,5;103;5,2;33,1;59;233;;
2.23;Август 2024;КАМАЗ Х132ВО799 ООО КР ГРУПП;Х132ВО799;9 857;193,5;180,7;12,6;3 329;3 320;3 559;34,1;47;3,8;36,6;53;174;;
3.1;Сентябрь 2024;DAF О569ХМ777 ООО КР ГРУПП;о569хм777;8 592;172,9;151,7;16,8;2 779;2 613;2 363;31,7;24;1,4;28,8;59;174;;
3.2;Сентябрь 2024;DAF О643ХМ777 ООО КР ГРУПП;О643ХМ777;9 519;165,8;146,3;19,3;2 345;2 591;2 513;27,5;29;1,5;26,7;65;167;;
3.3;Сентябрь 2024;DAF О959ТУ777 ООО КР ГРУПП;О959ТУ777;5 587;196,0;160,6;35,1;2 326;2 211;2 428;42,1;119;3,4;46,4;31;261;;
3.4;Сентябрь 2024;DAF О985ТУ777 ООО КР ГРУПП;О985ТУ777;11 802;199,3;171,1;27,6;2 932;2 905;3 205;27,1;101;3,7;29,9;64;169;;
3.5;Сентябрь 2024;IVECO Н904ТТ797 ООО КР ГРУПП;Н904ТТ797(В867ОА50);766;33,7;24,6;9,1;;304;279;38,4;25;2,7;35,3;27;145;;
3.6;Сентябрь 2024;MAN А033КМ77 ООО КР ГРУПП;А033КМ77;1 862;82,5;51,4;30,5;791;706;626;37,8;48;1,9;35,4;36;126;;
3.7;Сентябрь 2024;MAN Е329ОМ77 ООО КР ГРУПП;Е329ОМ77;3 507;90,0;69,5;18,4;;;;;;;;60;224;;
3.8;Сентябрь 2024;MAN М065МН777 ООО КР ГРУПП;М065МН777;5 693;172,6;140,1;32,0;;;;;;;;40;313;;
3.9;Сентябрь 2024;MAN Р601КХ77 ООО КР ГРУПП;Р601КХ77;6 428;181,6;130,4;50,8;2 338;2 264;2 195;34,7;83;1,6;33,8;50;109;;
3.10;Сентябрь 2024;MAN Х584ВМ777 ООО КР ГРУПП;Х584ВМ777;10 870;234,2;181,6;51,0;3 713;3 408;3 252;31,1;78;1,5;29,8;60;346;;
3.11;Сентябрь 2024;КАМАЗ В939УС799 ООО КР ГРУПП;В939УС799;11 791;261,2;227,4;30,8;3 772;3 807;3 791;33,0;123;4,0;33,0;51;193;;
3.12;Сентябрь 2024;КАМАЗ В979УС799 ООО КР ГРУПП;В979УС799;5 453;119,4;99,4;20,0;1 777;1 725;1 699;34,0;31;1,6;33,6;50;154;;
3.13;Сентябрь 2024;КАМАЗ М542МА799 ООО КР ГРУПП;М542МА799;13 615;237,2;213,2;23,1;4 379;4 294;4 244;31,7;173;7,6;31,4;62;387;;
3.14;Сентябрь 2024;КАМАЗ М577МА799 ООО КР ГРУПП;М577МА799;8 390;169,9;150,3;19,6;2 693;2 652;2 554;31,4;73;3,7;30,3;56;206;;
3.15;Сентябрь 2024;КАМАЗ М609МА799 ООО КР ГРУПП;М609МА799;13 613;281,2;229,2;47,7;4 388;4 347;4 106;32,5;178;3,8;30,7;57;302;;
3.16;Сентябрь 2024;КАМАЗ О929КВ799 ООО КР ГРУПП;О929КВ799;7 143;137,1;119,5;10,5;2 370;2 324;2 124;33,3;94;9,8;30,6;55;219;;
3.17;Сентябрь 2024;КАМАЗ Р089КВ799 ООО КР ГРУПП;Р089КВ799;5 561;172,8;118,9;48,6;1 592;1 825;1 776;33,1;166;3,4;32,4;44;222;;
3.18;Сентябрь 2024;КАМАЗ Р213КВ799 ООО КР ГРУПП;Р213КВ799;3 462;141,8;86,7;54,8;1 129;1 288;1 185;38,2;252;4,6;35,8;37;374;;
3.19;Сентябрь 2024;КАМАЗ Р235КВ799 ООО КР ГРУПП;Р235КВ799;9 311;181,0;153,4;25,6;2 996;3 063;3 058;32,8;70;2,8;32,9;61;269;;
3.20;Сентябрь 2024;КАМАЗ У441ВО799 ООО КР ГРУПП;У441ВО799;10 497;208,4;177,7;29,3;3 337;3 286;3 010;31,8;31;1,1;29,2;57;239;;
3.21;Сентябрь 2024;КАМАЗ У451ВО799 ООО КР ГРУПП;У451ВО799;11 122;279,4;180,6;91,4;3 455;3 546;2 827;43,9;190;2,2;35,2;57;457;;
3.22;Сентябрь 2024;КАМАЗ Х066ВО799 ООО КР ГРУПП;Х066ВО799;13 278;239,6;203,5;28,2;4 286;4 201;3 692;38,3;125;4,7;33,8;58;267;;
3.23;Сентябрь 2024;КАМАЗ Х132ВО799 ООО КР ГРУПП;Х132ВО799;14 056;285,8;227,7;53,8;5 086;4 803;4 985;34,4;102;1,9;35,8;61;296;;
;Июль 2023;MAN А033КМ77 ООО КР ГРУПП;А033КМ77;5396;;;;;;;;;;;;;;
;Август 2023;MAN А033КМ77 ООО КР ГРУПП;А033КМ77;6002;;;;;;;;;;;;;;
;Сентябрь 2023;MAN А033КМ77 ООО КР ГРУПП;А033КМ77;4035;;;;;;;;;;;;;;
;Июль 2023;IVECO Н904ТТ797 ООО КР ГРУПП;Н904ТТ797(В867ОА50);5339;;;;;;;;;;;;;;
;Август 2023;IVECO Н904ТТ797 ООО КР ГРУПП;Н904ТТ797(В867ОА50);1202;;;;;;;;;;;;;;
;Сентябрь 2023;IVECO Н904ТТ797 ООО КР ГРУПП;Н904ТТ797(В867ОА50);4835;;;;;;;;;;;;;;
;Октябрь 2023;IVECO Н904ТТ797 ООО КР ГРУПП;Н904ТТ797(В867ОА50);4572;;;;;;;;;;;;;;
;Ноябрь 2023;IVECO Н904ТТ797 ООО КР ГРУПП;Н904ТТ797(В867ОА50);5123;;;;;;;;;;;;;;
;Декабрь 2023;IVECO Н904ТТ797 ООО КР ГРУПП;Н904ТТ797(В867ОА50);4178;;;;;;;;;;;;;;
;Январь 2024;IVECO Н904ТТ797 ООО КР ГРУПП;Н904ТТ797(В867ОА50);3554;;;;;;;;;;;;;;
;Февраль 2024;IVECO Н904ТТ797 ООО КР ГРУПП;Н904ТТ797(В867ОА50);5000;;;;;;;;;;;;;;
;Март 2024;IVECO Н904ТТ797 ООО КР ГРУПП;Н904ТТ797(В867ОА50);5505;;;;;;;;;;;;;;
;Апрель 2024;IVECO Н904ТТ797 ООО КР ГРУПП;Н904ТТ797(В867ОА50);5669;;;;;;;;;;;;;;
;Май 2024;IVECO Н904ТТ797 ООО КР ГРУПП;Н904ТТ797(В867ОА50);1541;;;;;;;;;;;;;;
;Июнь 2024;IVECO Н904ТТ797 ООО КР ГРУПП;Н904ТТ797(В867ОА50);212;;;;;;;;;;;;;;
;Июль 2023;КАМАЗ В939УС799 ООО КР ГРУПП;В939УС799;181;;;;;;;;;;;;;;
;Август 2023;КАМАЗ В939УС799 ООО КР ГРУПП;В939УС799;2052;;;;;;;;;;;;;;
;Сентябрь 2023;КАМАЗ В939УС799 ООО КР ГРУПП;В939УС799;9458;;;;;;;;;;;;;;
;Июль 2023;К639ХВ777;К639ХВ777;6721;;;;;;;;;;;;;;
;Август 2023;К639ХВ777;К639ХВ777;7237;;;;;;;;;;;;;;
;Сентябрь 2023;К639ХВ777;К639ХВ777;6079;;;;;;;;;;;;;;
;Октябрь 2023;К639ХВ777;К639ХВ777;3677;;;;;;;;;;;;;;
;Ноябрь 2023;К639ХВ777;К639ХВ777;6493;;;;;;;;;;;;;;
;Декабрь 2023;К639ХВ777;К639ХВ777;4549,31;;;;;;;;;;;;;;
;Январь 2024;К639ХВ777;К639ХВ777;10861,26076;;;;;;;;;;;;;;
;Февраль 2024;К639ХВ777;К639ХВ777;3517,229237;;;;;;;;;;;;;;
;Март 2024;К639ХВ777;К639ХВ777;4448,9;;;;;;;;;;;;;;
;Апрель 2024;К639ХВ777;К639ХВ777;9031,18;;;;;;;;;;;;;;
;Май 2024;К639ХВ777;К639ХВ777;7974,4;;;;;;;;;;;;;;
;Июнь 2024;К639ХВ777;К639ХВ777;7972,28;;;;;;;;;;;;;;
;Июль 2024;К639ХВ777;К639ХВ777;3711,788477;;;;;;;;;;;;;;
;Сентябрь 2023;КАМАЗ М542МА799 ООО КР ГРУПП;М542МА799;255;;;;;;;;;;;;;;
;Июль 2023;КАМАЗ М577МА799 ООО КР ГРУПП;М577МА799;5926;;;;;;;;;;;;;;
;Август 2023;КАМАЗ М577МА799 ООО КР ГРУПП;М577МА799;5742;;;;;;;;;;;;;;
;Сентябрь 2023;КАМАЗ М577МА799 ООО КР ГРУПП;М577МА799;10258;;;;;;;;;;;;;;
;Апрель 2024;КАМАЗ М577МА799 ООО КР ГРУПП;М577МА799;14508;;;;;;;;;;;;;;
;Май 2024;КАМАЗ М577МА799 ООО КР ГРУПП;М577МА799;8291;;;;;;;;;;;;;;
;Август 2023;КАМАЗ М609МА799 ООО КР ГРУПП;М609МА799;3305;;;;;;;;;;;;;;
;Сентябрь 2023;КАМАЗ М609МА799 ООО КР ГРУПП;М609МА799;6383;;;;;;;;;;;;;;
;Июль 2023;DAF О569ХМ777 ООО КР ГРУПП;о569хм777;8899;;;;;;;;;;;;;;
;Август 2023;DAF О569ХМ777 ООО КР ГРУПП;о569хм777;6504;;;;;;;;;;;;;;
;Сентябрь 2023;DAF О569ХМ777 ООО КР ГРУПП;о569хм777;11081;;;;;;;;;;;;;;
;Июль 2023;DAF О643ХМ777 ООО КР ГРУПП;О643ХМ777;5924;;;;;;;;;;;;;;
;Август 2023;DAF О643ХМ777 ООО КР ГРУПП;О643ХМ777;5480;;;;;;;;;;;;;;
;Сентябрь 2023;DAF О643ХМ777 ООО КР ГРУПП;О643ХМ777;842;;;;;;;;;;;;;;
;Июнь 2024;О645КА977;О645КА977;1581;43;30,8;12,5;1018,6;436;433;27,6;3;0,2;27,4;2;108;;
;Июль 2024;О645КА977;О645КА977;16709;308;256,6;51,1;4105,3;4 497;4 409;26,9;87;1,7;26,4;22;117;;
;Август 2024;О645КА977;О645КА977;13105;235;194,9;39,7;4053,4;3 897;3 856;29,7;41;1,0;29,4;17;118;;
;Сентябрь 2024;О645КА977;О645КА977;12836;216;189,0;27,1;3616,5;3 623;3 370;28,2;253;9,3;26,3;16;115;;
;Июль 2023;КАМАЗ О929КВ799 ООО КР ГРУПП;О929КВ799;943;;;;;;;;;#ДЕЛ/0!;;;;;
;Август 2023;КАМАЗ О929КВ799 ООО КР ГРУПП;О929КВ799;4800;;;;;;;;;#ДЕЛ/0!;;;;;
;Сентябрь 2023;КАМАЗ О929КВ799 ООО КР ГРУПП;О929КВ799;5577;;;;;;;;;#ДЕЛ/0!;;;;;
;Июль 2023;DAF О959ТУ777 ООО КР ГРУПП;О959ТУ777;77;;;;;;;;;#ДЕЛ/0!;;;;;
;Август 2023;DAF О959ТУ777 ООО КР ГРУПП;О959ТУ777;10314;;;;;;;;;#ДЕЛ/0!;;;;;
;Сентябрь 2023;DAF О959ТУ777 ООО КР ГРУПП;О959ТУ777;6471;;;;;;;;;#ДЕЛ/0!;;;;;
;Июль 2023;DAF О985ТУ777 ООО КР ГРУПП;О985ТУ777;83;;;;;;;;;#ДЕЛ/0!;;;;;
;Август 2023;DAF О985ТУ777 ООО КР ГРУПП;О985ТУ777;8161;;;;;;;;;#ДЕЛ/0!;;;;;
;Сентябрь 2023;DAF О985ТУ777 ООО КР ГРУПП;О985ТУ777;9367;;;;;;;;;#ДЕЛ/0!;;;;;
;Сентябрь 2023;КАМАЗ Р089КВ799 ООО КР ГРУПП;Р089КВ799;1039;;;;;;;;;#ДЕЛ/0!;;;;;
;Июль 2023;КАМАЗ Р213КВ799 ООО КР ГРУПП;Р213КВ799;88;;;;;;;;;#ДЕЛ/0!;;;;;
;Сентябрь 2023;КАМАЗ Р213КВ799 ООО КР ГРУПП;Р213КВ799;239;;;;;;;;;#ДЕЛ/0!;;;;;
;Сентябрь 2023;КАМАЗ Р235КВ799 ООО КР ГРУПП;Р235КВ799;281;;;;;;;;;#ДЕЛ/0!;;;;;
;Июль 2023;MAN Р601КХ77 ООО КР ГРУПП;Р601КХ77;6954;;;;;;;;;#ДЕЛ/0!;;;;;
;Август 2023;MAN Р601КХ77 ООО КР ГРУПП;Р601КХ77;184;;;;;;;;;#ДЕЛ/0!;;;;;
;Сентябрь 2023;MAN Р601КХ77 ООО КР ГРУПП;Р601КХ77;7272;;;;;;;;;#ДЕЛ/0!;;;;;
;Апрель 2024;MAN Р601КХ77 ООО КР ГРУПП;Р601КХ77;4406;;;;;;;;;#ДЕЛ/0!;;;;;
;Май 2024;MAN Р601КХ77 ООО КР ГРУПП;Р601КХ77;4985;;;;;;;;;#ДЕЛ/0!;;;;;
;Август 2023;КАМАЗ У441ВО799 ООО КР ГРУПП;У441ВО799;78;;;;;;;;;#ДЕЛ/0!;;;;;
;Сентябрь 2023;КАМАЗ У441ВО799 ООО КР ГРУПП;У441ВО799;164;;;;;;;;;#ДЕЛ/0!;;;;;
;Сентябрь 2023;КАМАЗ У451ВО799 ООО КР ГРУПП;У451ВО799;96;;;;;;;;;#ДЕЛ/0!;;;;;
;Июль 2023;КАМАЗ Х066ВО799 ООО КР ГРУПП;Х066ВО799;4927;;;;;;;;;#ДЕЛ/0!;;;;;
;Август 2023;КАМАЗ Х066ВО799 ООО КР ГРУПП;Х066ВО799;7475;;;;;;;;;#ДЕЛ/0!;;;;;
;Сентябрь 2023;КАМАЗ Х066ВО799 ООО КР ГРУПП;Х066ВО799;13032;;;;;;;;;#ДЕЛ/0!;;;;;
;Июль 2023;КАМАЗ Х132ВО799 ООО КР ГРУПП;Х132ВО799;144;;;;;;;;;#ДЕЛ/0!;;;;;
;Август 2023;КАМАЗ Х132ВО799 ООО КР ГРУПП;Х132ВО799;2000;;;;;;;;;#ДЕЛ/0!;;;;;
;Сентябрь 2023;КАМАЗ Х132ВО799 ООО КР ГРУПП;Х132ВО799;5856;;;;;;;;;#ДЕЛ/0!;;;;;
;Июль 2023;MAN Х584ВМ777 ООО КР ГРУПП;Х584ВМ777;8097;;;;;;;;;#ДЕЛ/0!;;;;;
;Август 2023;MAN Х584ВМ777 ООО КР ГРУПП;Х584ВМ777;6133;;;;;;;;;#ДЕЛ/0!;;;;;
;Сентябрь 2023;MAN Х584ВМ777 ООО КР ГРУПП;Х584ВМ777;5883;;;;;;;;;#ДЕЛ/0!;;;;;
1.1;Октябрь 2024;DAF О569ХМ777 ООО КР ГРУПП;о569хм777;5 683;240;176,7;58,4;2398,0;2 158;1 838;37,3;80;1,4;32,3;40;109;;
1.2;Октябрь 2024;DAF О643ХМ777 ООО КР ГРУПП;О643ХМ777;12 904;246;204,5;38,7;4005,2;4 002;3 871;31,0;86;2,2;30,0;63;159;;
1.3;Октябрь 2024;DAF О959ТУ777 ООО КР ГРУПП;О959ТУ777;3 276;116;96,7;19,0;1436,7;1 471;1 558;44,7;71;3,7;47,6;33;226;;
1.4;Октябрь 2024;DAF О985ТУ777 ООО КР ГРУПП;О985ТУ777;8 554;145;127,4;16,3;2558,3;2 574;2 535;30,1;76;4,6;29,6;67;265;;
1.5;Октябрь 2024;IVECO Н904ТТ797 ООО КР ГРУПП;Н904ТТ797(В867ОА50);8 479;190;155,4;34,6;2983,1;2 920;2 814;34,4;118;3,4;33,2;51;195;;
1.6;Октябрь 2024;MAN А033КМ77 ООО КР ГРУПП;А033КМ77;1 877;100;65,5;29,9;794,6;816;772;41,5;63;2,1;41,1;30;176;;
1.7;Октябрь 2024;MAN Е329ОМ77 ООО КР ГРУПП;Е329ОМ77;14 825;284;238,2;35,3;1429,6;1 314;1 197;8,8;13;0,4;8,1;63;206;;
1.8;Октябрь 2024;MAN М065МН777 ООО КР ГРУПП;М065МН777;5 507;165;128,9;34,6;;;;;;0,0;;44;165;;
1.9;Октябрь 2024;MAN Р601КХ77 ООО КР ГРУПП;Р601КХ77;7 574;243;159,5;82,6;2799,7;2 851;2 674;37,5;126;1,5;35,3;47;391;;
1.10;Октябрь 2024;MAN Х584ВМ777 ООО КР ГРУПП;Х584ВМ777;10 902;192;169,1;22,2;3011,5;3 315;2 989;30,3;7;0,3;27,4;64;181;;
1.11;Октябрь 2024;КАМАЗ В939УС799 ООО КР ГРУПП;В939УС799;5 444;307;156,1;145,9;2319,2;2 180;1 935;39,7;255;1,8;35,5;37;156;;
1.12;Октябрь 2024;КАМАЗ В979УС799 ООО КР ГРУПП;В979УС799;7 526;150;126,5;22,6;2531,3;2 353;2 317;31,2;46;2,1;30,8;60;172;;
1.13;Октябрь 2024;КАМАЗ М542МА799 ООО КР ГРУПП;М542МА799;8 090;157;127,7;26,1;2750,2;2 751;2 613;33,9;177;6,8;32,3;63;228;;
1.14;Октябрь 2024;КАМАЗ М577МА799 ООО КР ГРУПП;М577МА799;6 972;171;133,4;37,1;2267,1;2 560;2 483;36,6;133;3,6;35,6;53;444;;
1.15;Октябрь 2024;КАМАЗ М609МА799 ООО КР ГРУПП;М609МА799;11 688;241;194,7;37,1;3563,6;3 547;3 290;30,3;141;3,8;28,1;60;359;;
1.16;Октябрь 2024;КАМАЗ О929КВ799 ООО КР ГРУПП;О929КВ799;8 788;175;145,6;18,2;3246,7;3 084;2 712;35,0;153;8,4;30,9;60;278;;
1.17;Октябрь 2024;КАМАЗ Р089КВ799 ООО КР ГРУПП;Р089КВ799;8 203;301;137,5;158,4;2918,3;2 682;2 414;32,6;343;2,2;29,4;61;169;;
1.18;Октябрь 2024;КАМАЗ Р213КВ799 ООО КР ГРУПП;Р213КВ799;7 782;192;126,2;65,2;2726,9;2 684;2 490;34,4;220;3,4;32,0;62;169;;
1.19;Октябрь 2024;КАМАЗ Р235КВ799 ООО КР ГРУПП;Р235КВ799;7 886;163;135,7;26,9;2799,1;2 539;2 487;32,1;89;3,3;31,5;59;156;;
1.20;Октябрь 2024;КАМАЗ У441ВО799 ООО КР ГРУПП;У441ВО799;13 801;268;223,1;44,3;4464,0;4 411;4 232;31,9;102;2,3;30,7;61;191;;
1.21;Октябрь 2024;КАМАЗ У451ВО799 ООО КР ГРУПП;У451ВО799;6 522;254;192,0;49,6;3217,2;3 131;2 323;47,5;158;3,2;35,6;44;378;;
1.22;Октябрь 2024;КАМАЗ Х066ВО799 ООО КР ГРУПП;Х066ВО799;5 444;142;119,0;14,1;2067,4;2 397;1 790;43,8;78;5,5;32,9;60;211;;
1.23;Октябрь 2024;КАМАЗ Х132ВО799 ООО КР ГРУПП;Х132ВО799;7 499;203;145,7;56,9;2500,8;2 753;2 786;36,6;118;2,1;37,2;52;133;;
;Октябрь 2024;О645КА977;О645КА977;14 211;263;220,3;42,5;4078,0;4 094;4 026;28,8;68;1,6;28,3;19;117;;
;Ноябрь 2024;DAF К639ХВ777 ООО КР ГРУПП;к639хв777;;;;;;;;;;#ДЕЛ/0!;;;;;
;Ноябрь 2024;DAF О569ХМ777 ООО КР ГРУПП;о569хм777;4188,88 км;186;127,9;54,3;1605,0;1 749;1 490;41,0;96;1,8;35,6;42;215;;
;Ноябрь 2024;DAF О643ХМ777 ООО КР ГРУПП;О643ХМ777;12601,45 км;236;203,8;26,5;4070,5;3 918;3 759;31,0;56;2,1;29,8;63;196;;
;Ноябрь 2024;DAF О959ТУ777 ООО КР ГРУПП;О959ТУ777;3183,21 км;131;97,3;30,8;1458,5;1 560;1 658;48,6;124;4,0;52,1;32;380;;
;Ноябрь 2024;DAF О985ТУ777 ООО КР ГРУПП;О985ТУ777;11704,11 км;237;186,8;50,2;4099,8;4 778;4 197;40,7;213;4,2;35,9;63;469;;
;Ноябрь 2024;IVECO Н904ТТ797 ООО КР ГРУПП;Н904ТТ797(В867ОА50);4604,36 км;198;135,9;62,2;1864,3;1 818;1 657;39,4;168;2,7;36,0;31;137;;
;Ноябрь 2024;MAN А033КМ77 ООО КР ГРУПП;А033КМ77;750,25 км;40;19,8;12,5;;331;274;40,7;35;2,8;36,6;40;252;;
;Ноябрь 2024;MAN Е329ОМ77 ООО КР ГРУПП;Е329ОМ77;14331,21 км;274;224,8;40,6;4825,6;4 958;4 770;34,5;49;1,2;33,3;66;200;;
;Ноябрь 2024;MAN М065МН777 ООО КР ГРУПП;М065МН777;2556,17 км;101;72,9;27,4;419,7;576;518;22,3;22;0,8;20,3;37;104;;
;Ноябрь 2024;MAN Р601КХ77 ООО КР ГРУПП;Р601КХ77;3561,14 км;188;99,2;86,4;1186,1;1 540;1 344;42,7;125;1,5;37,8;37;135;;
;Ноябрь 2024;MAN Х584ВМ777 ООО КР ГРУПП;Х584ВМ777;7257,77 км;144;124,2;17,1;2719,9;2 403;2 273;32,9;19;1,1;31,3;60;213;;
;Ноябрь 2024;КАМАЗ В939УС799 ООО КР ГРУПП;В939УС799;5089,73 км;194;142,9;47,3;1855,5;1 942;1 825;37,8;133;2,8;35,9;37;152;;
;Ноябрь 2024;КАМАЗ В979УС799 ООО КР ГРУПП;В979УС799;3521,11 км;161;81,7;73,0;1261,4;1 371;1 187;38,5;138;1,9;33,7;45;172;;
;Ноябрь 2024;КАМАЗ М542МА799 ООО КР ГРУПП;М542МА799;8670,74 км;182;144,0;36,3;3175,1;3 229;3 015;37,1;227;6,3;34,8;61;178;;
;Ноябрь 2024;КАМАЗ М577МА799 ООО КР ГРУПП;М577МА799;;;;;;;;;;#ДЕЛ/0!;;;;;
;Ноябрь 2024;КАМАЗ М609МА799 ООО КР ГРУПП;М609МА799;12230,89 км;265;219,5;42,1;3953,7;4 303;3 982;35,1;151;3,6;32,6;57;352;;
;Ноябрь 2024;КАМАЗ О929КВ799 ООО КР ГРУПП;О929КВ799;8708,69 км;238;174,9;42,2;2991,6;3 122;2 630;35,7;273;6,5;30,2;52;176;;
;Ноябрь 2024;КАМАЗ Р089КВ799 ООО КР ГРУПП;Р089КВ799;5530,43 км;211;119,1;83,6;1965,8;2 147;1 715;38,5;271;3,2;31,0;48;202;;
;Ноябрь 2024;КАМАЗ Р213КВ799 ООО КР ГРУПП;Р213КВ799;7001,04 км;150;121,4;26,9;2367,8;2 342;2 224;33,3;171;6,3;31,8;58;128;;
;Ноябрь 2024;КАМАЗ Р235КВ799 ООО КР ГРУПП;Р235КВ799;10544,09 км;237;183,5;46,3;3828,3;3 858;3 698;36,5;141;3,0;35,1;58;237;;
;Ноябрь 2024;КАМАЗ У441ВО799 ООО КР ГРУПП;У441ВО799;13580,76 км;319;227,6;91,0;4553,0;4 747;4 545;34,9;119;1,3;33,5;60;261;;
;Ноябрь 2024;КАМАЗ У451ВО799 ООО КР ГРУПП;У451ВО799;7752,37 км;277;236,4;33,7;3858,7;4 093;2 787;52,3;149;4,4;35,9;49;269;;
;Ноябрь 2024;КАМАЗ Х066ВО799 ООО КР ГРУПП;Х066ВО799;7972,81 км;229;151,3;61,3;3571,1;3 210;3 040;40,0;326;5,3;38,1;52;241;;
;Ноябрь 2024;КАМАЗ Х132ВО799 ООО КР ГРУПП;Х132ВО799;7612,57 км;145;129,6;14,8;2850,6;2 728;2 695;35,8;81;5,5;35,4;59;178;;
;Ноябрь 2024;О645КА977;О645КА977;15 703;280;231,9;48,5;4766,1;4 803;4 669;30,6;134;2,8;29,7;22;116;;
1.1;Декабрь 2024;DAF К639ХВ777 ООО КР ГРУПП;к639хв777;106;23;9,4;7,7;386,9;97;48;81,8;5;0,6;45,1;18;222;;
1.2;Декабрь 2024;DAF О569ХМ777 ООО КР ГРУПП;о569хм777;5 531;236;178,3;51,0;1924,1;2 232;1 858;39,6;94;1,8;33,6;39;237;;
1.3;Декабрь 2024;DAF О643ХМ777 ООО КР ГРУПП;О643ХМ777;10 480;217;174,6;40,9;3161,0;3 338;3 138;31,7;94;2,3;29,9;60;209;;
1.4;Декабрь 2024;DAF О959ТУ777 ООО КР ГРУПП;О959ТУ777;4 114;137;101,1;31,3;2148,6;1 892;1 930;45,7;118;3,8;46,9;39;300;;
1.5;Декабрь 2024;DAF О985ТУ777 ООО КР ГРУПП;О985ТУ777;10 898;251;196,3;53,7;3934,2;3 437;3 222;31,4;180;3,4;29,6;59;252;;
1.6;Декабрь 2024;FAW О645КА977 ООО КР ГРУПП;О645КА977;14 275;303;251,2;52,0;4456,6;4 287;4 010;30,0;277;5,3;28,1;19;107;;
1.7;Декабрь 2024;IVECO Н904ТТ797 ООО КР ГРУПП;Н904ТТ797(В867ОА50);3 686;169;115,4;54,0;1382,4;1 501;1 334;40,6;145;2,7;36,2;30;157;;
1.8;Декабрь 2024;MAN А033КМ77 ООО КР ГРУПП;А033КМ77;271;19;8,6;6,2;402,2;608;82;179,0;9;1,4;30,4;40;102;;
1.9;Декабрь 2024;MAN Е329ОМ77 ООО КР ГРУПП;Е329ОМ77;12 468;288;213,4;62,5;4669,4;4 480;4 248;35,8;95;1,5;34,1;60;200;;
1.10;Декабрь 2024;MAN М065МН777 ООО КР ГРУПП;М065МН777;5 554;198;146,3;50,3;2036,9;2 192;2 193;39,2;56;1,1;39,5;40;317;;
1.11;Декабрь 2024;MAN Р601КХ77 ООО КР ГРУПП;Р601КХ77;3 218;226;109,8;110,7;1769,3;1 542;1 238;47,1;231;2,1;38,5;32;139;;
1.12;Декабрь 2024;MAN Х584ВМ777 ООО КР ГРУПП;Х584ВМ777;11 794;252;209,2;36,6;3666,9;3 961;3 438;33,4;65;1,8;29,2;62;354;;
1.13;Декабрь 2024;КАМАЗ В939УС799 ООО КР ГРУПП;В939УС799;6 324;226;151,4;72,9;2733,0;2 684;2 480;42,0;276;3,8;39,2;43;209;;
1.14;Декабрь 2024;КАМАЗ В979УС799 ООО КР ГРУПП;В979УС799;8 637;242;180,9;59,6;2857,4;2 867;2 734;33,1;103;1,7;31,7;48;169;;
1.15;Декабрь 2024;КАМАЗ М542МА799 ООО КР ГРУПП;М542МА799;7 288;240;161,5;69,1;2940,5;2 964;2 588;40,3;430;6,2;35,5;49;428;;
1.16;Декабрь 2024;КАМАЗ М577МА799 ООО КР ГРУПП;М577МА799;6 465;153;130,6;22,3;2407,7;2 481;2 413;38,3;29;1,3;37,3;49;196;;
1.17;Декабрь 2024;КАМАЗ М609МА799 ООО КР ГРУПП;М609МА799;9 969;406;225,4;168,8;3898,7;3 655;3 075;36,3;430;2,5;30,8;52;183;;
1.18;Декабрь 2024;КАМАЗ О929КВ799 ООО КР ГРУПП;О929КВ799;9 073;250;183,8;52,0;2801,1;3 048;2 588;33,4;307;5,9;28,5;52;172;;
1.19;Декабрь 2024;КАМАЗ Р089КВ799 ООО КР ГРУПП;Р089КВ799;13 302;292;213,3;70,7;4377,8;4 328;3 945;32,5;253;3,6;29,7;63;283;;
1.20;Декабрь 2024;КАМАЗ Р213КВ799 ООО КР ГРУПП;Р213КВ799;9 208;185;147,0;37,4;2873,9;2 964;2 810;32,1;151;4,0;30,5;62;200;;
1.21;Декабрь 2024;КАМАЗ Р235КВ799 ООО КР ГРУПП;Р235КВ799;11 269;263;198,0;63,0;4137,8;4 070;3 746;36,0;208;3,3;33,2;58;252;;
1.22;Декабрь 2024;КАМАЗ У441ВО799 ООО КР ГРУПП;У441ВО799;8 175;258;152,5;105,2;5530,1;5 510;4 954;67,0;398;3,8;60,6;55;135;;
1.23;Декабрь 2024;КАМАЗ У451ВО799 ООО КР ГРУПП;У451ВО799;5 658;218;175,3;28,0;2691,0;2 746;2 035;47,8;137;4,9;36,0;42;372;;
1.24;Декабрь 2024;КАМАЗ Х066ВО799 ООО КР ГРУПП;Х066ВО799;5 343;226;127,0;81,5;2385,0;2 549;2 131;47,2;443;5,4;39,9;46;178;;
1.25;Декабрь 2024;КАМАЗ Х132ВО799 ООО КР ГРУПП;Х132ВО799;15 063;316;261,3;54,1;5487,2;5 481;5 330;36,3;177;3,3;35,4;59;209;;
1.1;Январь 2025;DAF К639ХВ777 ООО КР ГРУПП;к639хв777;8 472;185;138,8;44,2;2373,2;2 521;2 427;29,7;46;1,0;28,6;60;200;;
1.2;Январь 2025;DAF О569ХМ777 ООО КР ГРУПП;о569хм777;7 975;221;174,5;37,7;3131,1;3 030;2 677;37,7;77;2,1;33,6;56;206;;
1.3;Январь 2025;DAF О643ХМ777 ООО КР ГРУПП;О643ХМ777;9 459;210;167,1;33,1;3125,7;3 021;2 791;31,8;97;2,9;29,5;58;407;;
1.4;Январь 2025;DAF О959ТУ777 ООО КР ГРУПП;О959ТУ777;2 760;183;77,4;25,6;1600,6;1 687;1 098;60,8;82;3,2;39,8;38;469;;
1.5;Январь 2025;DAF О985ТУ777 ООО КР ГРУПП;О985ТУ777;6 407;157;105,7;49,1;2188,4;2 191;1 975;34,0;190;3,9;30,8;58;246;;
1.6;Январь 2025;FAW О645КА977 ООО КР ГРУПП;О645КА977;13 064;269;235,8;33,6;3936,9;4 204;4 037;32,2;167;5,0;30,9;17;116;;
1.7;Январь 2025;IVECO Н904ТТ797 ООО КР ГРУПП;Н904ТТ797(В867ОА50);3 670;132;86,5;45,8;1538,7;1 390;1 231;37,8;141;3,1;33,6;41;194;;
1.8;Январь 2025;MAN А033КМ77 ООО КР ГРУПП;А033КМ77;3 332;118;75,2;39,0;1562,8;1 841;1 260;52,4;77;2,0;37,8;46;150;;
1.9;Январь 2025;MAN Е329ОМ77 ООО КР ГРУПП;Е329ОМ77;9 152;268;181,7;67,3;3440,5;3 600;3 276;39,1;93;1,4;35,8;57;196;;
1.10;Январь 2025;MAN М065МН777 ООО КР ГРУПП;М065МН777;982;46;27,8;15,2;397,0;362;350;36,2;15;1,0;35,6;39;437;;
1.11;Январь 2025;MAN Р601КХ77 ООО КР ГРУПП;Р601КХ77;3 079;170;93,5;53,9;1923,2;1 761;1 171;56,3;134;2,5;38,0;42;139;;
1.12;Январь 2025;MAN Х584ВМ777 ООО КР ГРУПП;Х584ВМ777;5 841;132;109,0;19,0;2229,6;2 007;1 823;34,2;9;0,5;31,2;57;157;;
1.13;Январь 2025;КАМАЗ В939УС799 ООО КР ГРУПП;В939УС799;6 204;180;132,1;46,3;2238,4;2 425;2 298;38,9;89;1,9;37,0;51;187;;
1.14;Январь 2025;КАМАЗ В979УС799 ООО КР ГРУПП;В979УС799;7 969;220;162,5;56,8;2923,8;2 797;2 666;34,9;118;2,1;33,5;49;283;;
1.15;Январь 2025;КАМАЗ М542МА799 ООО КР ГРУПП;М542МА799;9 168;227;163,8;59,3;3551,3;3 664;3 242;39,8;366;6,2;35,4;57;174;;
1.16;Январь 2025;КАМАЗ М577МА799 ООО КР ГРУПП;М577МА799;8 145;187;166,1;20,8;2991,0;3 158;2 960;38,7;56;2,7;36,3;50;163;;
1.17;Январь 2025;КАМАЗ М609МА799 ООО КР ГРУПП;М609МА799;7 554;197;144,4;46,0;2493,0;2 491;2 312;32,8;169;3,7;30,6;54;213;;
1.18;Январь 2025;КАМАЗ О929КВ799 ООО КР ГРУПП;О929КВ799;6 748;202;129,4;49,8;2660,6;2 619;2 057;38,5;349;7,0;30,5;54;183;;
1.19;Январь 2025;КАМАЗ Р089КВ799 ООО КР ГРУПП;Р089КВ799;9 663;236;170,5;64,2;3029,8;2 878;2 627;29,7;197;3,1;27,2;58;169;;
1.20;Январь 2025;КАМАЗ Р213КВ799 ООО КР ГРУПП;Р213КВ799;7 911;200;129,8;69,9;2730,2;2 782;2 516;35,0;246;3,5;31,8;61;196;;
1.21;Январь 2025;КАМАЗ Р235КВ799 ООО КР ГРУПП;Р235КВ799;10 742;244;190,0;53,1;3982,1;4 056;3 808;37,6;185;3,5;35,4;57;211;;
1.22;Январь 2025;КАМАЗ У441ВО799 ООО КР ГРУПП;У441ВО799;9 167;303;164,9;136,9;3287,1;3 178;2 851;34,5;455;3,3;31,1;55;146;;
1.23;Январь 2025;КАМАЗ У451ВО799 ООО КР ГРУПП;У451ВО799;2 463;94;69,7;16,4;1438,7;1 134;938;45,5;60;3,6;38,1;41;161;;
1.24;Январь 2025;КАМАЗ Х066ВО799 ООО КР ГРУПП;Х066ВО799;5 086;197;110,1;59,7;2318,4;2 213;1 969;43,2;311;5,2;38,7;50;415;;
1.25;Январь 2025;КАМАЗ Х132ВО799 ООО КР ГРУПП;Х132ВО799;6 490;155;120,9;28,4;2539,4;2 367;2 371;36,4;77;2,7;36,5;55;120;;
1.1;Февраль 2025;DAF К639ХВ777 ООО КР ГРУПП;к639хв777;10 104;231;178,4;45,2;3489,9;3 453;3 302;34,0;72;1,6;32,7;63;167;;
1.2;Февраль 2025;DAF О569ХМ777 ООО КР ГРУПП;о569хм777;6 949;155;122,3;20,6;2756,9;2 499;2 234;35,8;55;2,6;32,2;63;282;;
1.3;Февраль 2025;DAF О643ХМ777 ООО КР ГРУПП;О643ХМ777;9 724;216;169,2;36,7;3078,7;3 107;2 793;31,8;107;2,9;28,7;60;187;;
1.4;Февраль 2025;DAF О959ТУ777 ООО КР ГРУПП;О959ТУ777;4 556;124;99,0;18,8;2069,6;2 216;2 216;48,5;78;4,2;48,6;48;174;;
1.5;Февраль 2025;DAF О985ТУ777 ООО КР ГРУПП;О985ТУ777;7 112;191;110,4;72,1;2157,0;2 036;1 793;28,5;207;2,9;25,2;66;220;;
1.6;Февраль 2025;FAW О645КА977 ООО КР ГРУПП;О645КА977;10 274;256;187,1;69,3;3778,0;3 570;3 151;34,7;418;6,0;30,7;15;106;;
1.7;Февраль 2025;IVECO Н904ТТ797 ООО КР ГРУПП;Н904ТТ797(В867ОА50);4 268;131;98,5;32,7;1509,7;1 571;1 399;36,7;143;4,4;32,8;41;181;;
1.8;Февраль 2025;MAN А033КМ77 ООО КР ГРУПП;А033КМ77;2 179;91;48,9;16,3;471,6;760;612;32,2;37;2,3;28,1;51;172;;
1.9;Февраль 2025;MAN Е329ОМ77 ООО КР ГРУПП;Е329ОМ77;8 901;228;156,0;49,5;3135,4;3 046;2 692;34,1;54;1,1;30,2;61;169;;
1.10;Февраль 2025;MAN М065МН777 ООО КР ГРУПП;М065МН777;2 568;70;49,9;15,8;896,3;901;806;35,0;61;3,8;31,4;52;330;;
1.11;Февраль 2025;MAN Р601КХ77 ООО КР ГРУПП;Р601КХ77;3 130;171;96,0;55,7;1348,6;1 470;1 156;46,3;110;2,0;36,9;36;122;;
1.12;Февраль 2025;MAN Х584ВМ777 ООО КР ГРУПП;Х584ВМ777;8 107;168;138,0;23,3;2638,1;2 840;2 483;34,9;18;0,8;30,6;65;207;;
1.13;Февраль 2025;КАМАЗ В939УС799 ООО КР ГРУПП;В939УС799;7 749;212;157,9;44,2;2180,5;2 272;2 461;29,2;275;6,2;31,8;51;137;;
1.14;Февраль 2025;КАМАЗ В979УС799 ООО КР ГРУПП;В979УС799;10 206;251;186,5;48,5;3363,2;3 273;3 081;31,9;85;1,8;30,2;57;150;;
1.15;Февраль 2025;КАМАЗ М542МА799 ООО КР ГРУПП;М542МА799;10 327;295;173,5;113,9;4878,4;4 638;3 853;44,7;665;5,8;37,3;60;156;;
1.16;Февраль 2025;КАМАЗ М577МА799 ООО КР ГРУПП;М577МА799;6 231;222;177,5;44,9;2433,7;2 540;2 245;40,6;170;3,8;36,0;37;151;;
1.17;Февраль 2025;КАМАЗ М609МА799 ООО КР ГРУПП;М609МА799;8 525;225;163,7;46,3;3071,3;2 930;2 585;34,3;129;2,8;30,3;54;176;;
1.18;Февраль 2025;КАМАЗ О929КВ799 ООО КР ГРУПП;О929КВ799;7 007;196;145,3;34,7;2733,8;2 815;2 177;39,9;279;8,1;31,1;51;146;;
1.19;Февраль 2025;КАМАЗ Р089КВ799 ООО КР ГРУПП;Р089КВ799;5 460;200;114,4;60,1;2003,7;2 030;1 619;37,0;226;3,8;29,7;52;344;;
1.20;Февраль 2025;КАМАЗ Р213КВ799 ООО КР ГРУПП;Р213КВ799;9 474;238;152,5;76,3;3114,4;3 284;2 962;34,5;276;3,6;31,3;62;437;;
1.21;Февраль 2025;КАМАЗ Р235КВ799 ООО КР ГРУПП;Р235КВ799;9 422;265;163,7;64,3;3278,8;3 354;3 117;35,4;161;2,5;33,1;58;293;;
1.22;Февраль 2025;КАМАЗ У441ВО799 ООО КР ГРУПП;У441ВО799;10 039;306;181,7;114,3;3402,6;3 386;3 013;33,6;376;3,3;30,0;57;202;;
1.23;Февраль 2025;КАМАЗ У451ВО799 ООО КР ГРУПП;У451ВО799;8 137;325;143,0;52,1;2852,1;3 001;2 687;36,7;158;3,0;33,0;60;152;;
1.24;Февраль 2025;КАМАЗ Х066ВО799 ООО КР ГРУПП;Х066ВО799;4 045;294;117,0;97,9;2742,1;2 732;1 567;66,7;564;5,8;38,7;45;437;;
1.25;Февраль 2025;КАМАЗ Х132ВО799 ООО КР ГРУПП;Х132ВО799;9 870;239;171,1;53,5;3378,0;3 634;3 463;36,7;176;3,3;35,1;60;213;;
1.1;Март 2025;DAF К639ХВ777 ООО КР ГРУПП;к639хв777;300;37;12,8;15,9;;177;93;56,0;14;0,9;31,0;25;120;;
1.2;Март 2025;DAF О569ХМ777 ООО КР ГРУПП;о569хм777;11 286;257;214,9;34,4;3142,6;3 680;3 359;32,4;52;1,5;29,8;60;354;;
1.3;Март 2025;DAF О643ХМ777 ООО КР ГРУПП;О643ХМ777;12 917;252;212,2;33,9;3834,2;3 951;3 740;30,5;85;2,5;29,0;63;394;;
1.4;Март 2025;DAF О959ТУ777 ООО КР ГРУПП;О959ТУ777;4 831;178;147,5;25,4;2427,7;2 119;2 032;43,5;101;4,0;42,1;37;361;;
1.5;Март 2025;DAF О985ТУ777 ООО КР ГРУПП;О985ТУ777;8 236;179;137,2;36,7;2232,4;2 488;2 355;30,1;113;3,1;28,6;61;213;;
1.6;Март 2025;FAW О645КА977 ООО КР ГРУПП;О645КА977;12 510;266;228,0;37,9;3874,5;3 625;3 425;29,0;200;5,3;27,4;17;112;;
1.7;Март 2025;IVECO Н904ТТ797 ООО КР ГРУПП;Н904ТТ797(В867ОА50);3 119;109;86,8;21,8;1275,1;1 206;1 100;38,6;103;4,7;35,3;33;200;;
1.8;Март 2025;MAN А033КМ77 ООО КР ГРУПП;А033КМ77;11 146;241;189,7;45,5;3696,1;3 476;3 384;30,8;73;1,6;30,4;59;213;;
1.9;Март 2025;MAN Е329ОМ77 ООО КР ГРУПП;Е329ОМ77;12 361;261;206,9;40,2;3983,1;4 183;3 960;33,7;41;1,0;32,0;63;232;;
1.10;Март 2025;MAN М065МН777 ООО КР ГРУПП;М065МН777;2 427;95;69,0;22,5;998,1;928;814;37,9;23;1,0;33,6;38;169;;
1.11;Март 2025;MAN Р601КХ77 ООО КР ГРУПП;Р601КХ77;1 378;165;73,4;24,1;1540,8;1 479;525;101,9;49;2,1;38,1;30;117;;
1.12;Март 2025;MAN Х584ВМ777 ООО КР ГРУПП;Х584ВМ777;6 313;124;104,9;16,6;2338,7;2 130;2 002;33,7;;0,0;31,7;61;159;;
1.13;Март 2025;КАМАЗ В939УС799 ООО КР ГРУПП;В939УС799;5 966;217;164,6;46,3;2516,6;2 145;2 129;35,6;94;2,0;35,7;41;144;;
1.14;Март 2025;КАМАЗ В979УС799 ООО КР ГРУПП;В979УС799;9 243;214;173,2;34,2;2888,1;2 867;2 719;30,8;53;1,5;29,4;54;183;;
1.15;Март 2025;КАМАЗ М542МА799 ООО КР ГРУПП;М542МА799;10 963;224;176,0;37,5;3821,2;3 815;3 524;34,7;287;7,7;32,1;63;359;;
1.16;Март 2025;КАМАЗ М577МА799 ООО КР ГРУПП;М577МА799;5 150;200;166,2;33,5;2655,0;2 177;2 018;42,0;;0,0;39,2;30;199;;
1.17;Март 2025;КАМАЗ М609МА799 ООО КР ГРУПП;М609МА799;12 001;254;207,8;38,7;4037,8;4 019;3 646;33,4;140;3,6;30,4;59;154;;
1.18;Март 2025;КАМАЗ О929КВ799 ООО КР ГРУПП;О929КВ799;9 450;227;165,9;37,9;3842,1;3 734;3 093;39,3;219;5,8;32,7;61;263;;
1.19;Март 2025;КАМАЗ Р089КВ799 ООО КР ГРУПП;Р089КВ799;12 567;290;205,6;59,1;3783,9;3 956;3 593;31,4;218;3,7;28,6;63;235;;
1.20;Март 2025;КАМАЗ Р213КВ799 ООО КР ГРУПП;Р213КВ799;11 055;232;187,4;38,0;3824,9;3 658;3 393;33,0;220;5,8;30,7;61;435;;
1.21;Март 2025;КАМАЗ Р235КВ799 ООО КР ГРУПП;Р235КВ799;11 604;223;189,9;27,5;3679,2;3 833;3 703;32,9;94;3,4;31,9;62;183;;
1.22;Март 2025;КАМАЗ У441ВО799 ООО КР ГРУПП;У441ВО799;14 057;310;235,1;71,2;4676,6;4 530;4 307;32,2;288;4,0;30,6;60;159;;
1.23;Март 2025;КАМАЗ У451ВО799 ООО КР ГРУПП;У451ВО799;8 028;243;173,4;58,5;2931,1;2 995;2 658;37,1;184;3,2;33,1;51;141;;
1.24;Март 2025;КАМАЗ Х066ВО799 ООО КР ГРУПП;Х066ВО799;4 193;111;74,5;19,1;1561,1;1 738;1 503;41,2;120;6,3;35,8;58;444;;
1.25;Март 2025;КАМАЗ Х132ВО799 ООО КР ГРУПП;Х132ВО799;10 159;228;176,1;47,3;4019,8;3 749;3 751;36,8;164;3,5;36,9;61;215;;
1.1;Апрель 2025;DAF К639ХВ777 ООО КР ГРУПП;к639хв777;6 373;125;102,0;9,7;2341,2;2 043;1 931;32,0;;0,0;30,3;64;183;;
1.2;Апрель 2025;DAF О569ХМ777 ООО КР ГРУПП;о569хм777;9 236;261;210,6;19,8;4127,2;3 804;2 999;40,9;13;0,7;32,5;55;450;;
1.3;Апрель 2025;DAF О643ХМ777 ООО КР ГРУПП;О643ХМ777;11 613;239;197,3;33,7;3509,1;3 443;3 262;29,5;85;2,5;28,1;60;280;;
1.4;Апрель 2025;DAF О959ТУ777 ООО КР ГРУПП;О959ТУ777;4 655;259;121,3;20,6;2017,9;2 163;1 756;46,4;80;3,9;37,7;39;143;;
1.5;Апрель 2025;DAF О985ТУ777 ООО КР ГРУПП;О985ТУ777;13 325;265;220,9;39,8;3804,0;3 490;3 689;26,1;127;3,2;27,7;62;420;;
1.6;Апрель 2025;FAW О645КА977 ООО КР ГРУПП;О645КА977;11 472;218;175,5;42,7;3038,7;3 312;3 129;28,9;183;4,3;27,3;16;110;;
1.7;Апрель 2025;IVECO Н904ТТ797 ООО КР ГРУПП;Н904ТТ797(В867ОА50);5 039;145;122,5;22,7;1779,5;1 805;1 697;35,7;109;4,8;33,7;38;185;;
1.8;Апрель 2025;MAN А033КМ77 ООО КР ГРУПП;А033КМ77;12 366;243;207,9;29,2;4167,8;4 018;3 848;31,0;54;1,9;31,1;60;237;;
1.9;Апрель 2025;MAN Е329ОМ77 ООО КР ГРУПП;Е329ОМ77;4 040;92;66,4;17,5;1196,7;1 407;1 331;34,7;6;0,4;32,9;62;185;;
1.10;Апрель 2025;MAN М065МН777 ООО КР ГРУПП;М065МН777;2 649;107;73,9;26,1;811,1;929;845;34,8;25;1,0;31,9;41;156;;
1.11;Апрель 2025;MAN Р601КХ77 ООО КР ГРУПП;Р601КХ77;2 605;163;94,7;36,4;1282,6;1 309;857;48,8;42;1,2;32,9;39;139;;
1.12;Апрель 2025;MAN Х584ВМ777 ООО КР ГРУПП;Х584ВМ777;8 878;170;146,3;17,9;2520,5;2 668;2 568;30,0;;0,0;28,9;61;174;;
1.13;Апрель 2025;КАМАЗ В939УС799 ООО КР ГРУПП;В939УС799;8 149;252;195,4;51,9;2482,5;2 540;2 884;31,0;62;1,2;35,4;43;452;;
1.14;Апрель 2025;КАМАЗ В979УС799 ООО КР ГРУПП;В979УС799;13 602;275;238,5;31,4;4168,8;4 287;4 193;31,4;43;1,4;30,8;58;211;;
1.15;Апрель 2025;КАМАЗ М542МА799 ООО КР ГРУПП;М542МА799;11 286;234;180,8;41,3;3750,3;3 792;3 578;33,5;340;8,2;31,7;62;159;;
1.16;Апрель 2025;КАМАЗ М577МА799 ООО КР ГРУПП;М577МА799;5 481;142;123,5;15,9;1791,7;1 848;1 827;33,6;40;2,5;33,3;44;196;;
1.17;Апрель 2025;КАМАЗ М609МА799 ООО КР ГРУПП;М609МА799;11 566;260;222,1;31,3;3744,8;4 014;3 796;34,6;108;3,5;32,8;52;150;;
1.18;Апрель 2025;КАМАЗ О929КВ799 ООО КР ГРУПП;О929КВ799;10 351;218;184,7;21,4;3550,1;3 560;3 081;34,2;165;7,7;29,8;56;224;;
1.19;Апрель 2025;КАМАЗ Р089КВ799 ООО КР ГРУПП;Р089КВ799;13 237;269;226,6;38,1;3734,8;3 755;3 530;28,2;205;5,4;26,7;60;196;;
1.20;Апрель 2025;КАМАЗ Р213КВ799 ООО КР ГРУПП;Р213КВ799;11 582;227;187,4;35,0;3548,9;3 822;3 614;32,9;225;6,4;31,2;62;252;;
1.21;Апрель 2025;КАМАЗ Р235КВ799 ООО КР ГРУПП;Р235КВ799;12 156;238;210,3;21,6;4355,4;3 993;3 931;32,8;56;2,6;32,3;59;350;;
1.22;Апрель 2025;КАМАЗ У441ВО799 ООО КР ГРУПП;У441ВО799;9 660;238;169,6;56,9;3045,6;3 089;2 904;31,9;241;4,2;30,1;57;287;;
1.23;Апрель 2025;КАМАЗ У451ВО799 ООО КР ГРУПП;У451ВО799;6 316;261;149,7;83,9;2291,4;2 471;2 091;39,0;189;2,3;33,1;48;165;;
1.24;Апрель 2025;КАМАЗ Х066ВО799 ООО КР ГРУПП;Х066ВО799;9 695;268;164,8;84,1;3445,3;3 546;3 409;36,4;328;3,9;35,2;59;178;;
1.25;Апрель 2025;КАМАЗ Х132ВО799 ООО КР ГРУПП;Х132ВО799;9 184;220;167,8;44,3;2708,6;2 859;3 009;30,9;102;2,3;32,8;56;269;;
1.1;Май 2025;DAF К639ХВ777 ООО КР ГРУПП;к639хв777;6 856;100;85,2;12,4;1568,0;1 509;1 473;27,2;20;1,7;27,9;65;146;;
1.2;Май 2025;DAF О569ХМ777 ООО КР ГРУПП;о569хм777;12 985;217;190,2;12,4;3468,6;3 415;2 890;24,2;30;2,4;28,9;63;148;;
1.3;Май 2025;DAF О643ХМ777 ООО КР ГРУПП;О643ХМ777;13 093;221;188,5;27,7;3147,4;3 186;2 896;25,0;94;3,4;26,7;61;215;;
1.4;Май 2025;DAF О959ТУ777 ООО КР ГРУПП;О959ТУ777;10 051;197;152,8;44,2;3286,6;3 249;3 188;33,0;269;6,1;36,1;56;274;;
1.5;Май 2025;DAF О985ТУ777 ООО КР ГРУПП;О985ТУ777;7 356;116;100,5;12,9;1550,9;1 754;1 651;24,8;47;3,6;27,8;63;239;;
1.6;Май 2025;IVECO Н904ТТ797 ООО КР ГРУПП;Н904ТТ797(В867ОА50);3 628;97;83,5;13,7;1256,4;1 204;1 129;27,3;80;5,8;29,4;43;148;;
1.7;Май 2025;MAN А033КМ77 ООО КР ГРУПП;А033КМ77;9 383;199;154,9;33,1;2200,9;2 461;2 550;25,5;56;1,7;28,4;62;274;;
1.8;Май 2025;MAN Е329ОМ77 ООО КР ГРУПП;Е329ОМ77;4 513;67;43,7;15,4;1193,0;888;780;26,6;4;0,3;31,0;64;113;;
1.9;Май 2025;MAN М065МН777 ООО КР ГРУПП;М065МН777;;;;;;;;;;#ДЕЛ/0!;;;;;
1.6;Май 2025;FAW О645КА977 ООО КР ГРУПП;О645КА977;10 731;202;181,9;19,9;2904,9;2 969;2 785;27,7;184;9,2;26,0;14;110;;
1.10;Май 2025;КАМАЗ В939УС799 ООО КР ГРУПП;В939УС799;7 086;197;154,3;38,0;1805,6;1 762;2 079;25,6;37;1,0;35,4;41;183;;
1.11;Май 2025;КАМАЗ В979УС799 ООО КР ГРУПП;В979УС799;15 298;247;225,0;21,0;3680,3;3 750;3 678;27,6;31;1,5;28,8;58;317;;
1.12;Май 2025;КАМАЗ М542МА799 ООО КР ГРУПП;М542МА799;11 121;198;157,5;29,7;3343,2;3 305;2 983;27,1;257;8,7;30,5;63;224;;
1.13;Май 2025;КАМАЗ М577МА799 ООО КР ГРУПП;М577МА799;2 234;86;70,1;12,8;924,3;958;872;22,5;96;7,5;41,5;29;149;;
1.14;Май 2025;КАМАЗ М609МА799 ООО КР ГРУПП;М609МА799;9 186;350;322,5;11,2;2712,0;2 533;2 377;28,2;61;5,5;30,4;61;294;;
1.15;Май 2025;КАМАЗ О929КВ799 ООО КР ГРУПП;О929КВ799;8 531;162;144,5;12,2;2771,4;2 771;2 243;28,1;137;11,2;29,1;60;148;;
1.16;Май 2025;КАМАЗ У441ВО799 ООО КР ГРУПП;У441ВО799;14 584;271;215,9;46,1;3675,2;3 749;3 440;24,2;240;5,2;27,2;61;330;;
1.17;Май 2025;КАМАЗ У451ВО799 ООО КР ГРУПП;У451ВО799;14 003;266;209,0;29,1;3984,7;3 708;3 305;22,1;85;2,9;29,1;65;317;;
1.18;Май 2025;КАМАЗ Х066ВО799 ООО КР ГРУПП;Х066ВО799;6 547;177;111,2;56,6;2724,4;2 482;2 346;29,8;216;3,8;35,1;65;200;;
2.1;Июнь 2025;DAF К639ХВ777 ООО КР ГРУПП;к639хв777;10 316;124;114,7;8,1;2315,7;2 020;2 002;22,1;19;2,3;28,1;65;180;;
2.2;Июнь 2025;DAF О569ХМ777 ООО КР ГРУПП;о569хм777;14 262;221;194,9;18,5;3426,7;3 477;3 215;24,4;41;2,2;27,2;68;202;;
2.3;Июнь 2025;FAW О645КА977 ООО КР ГРУПП;О645КА977;8 731;162;144,2;17,3;2489,1;2 271;2 209;26,0;62;3,6;25,3;12;110;;
2.4;Июнь 2025;IVECO Н904ТТ797 ООО КР ГРУПП;Н904ТТ797(В867ОА50);5 739;132;118,4;14,1;1808,7;1 859;1 779;25,9;72;5,1;30,1;48;139;;
2.5;Июнь 2025;MAN А033КМ77 ООО КР ГРУПП;А033КМ77;14 148;269;171,6;24,6;3102,7;3 035;2 960;21,5;39;1,6;28,9;63;120;;
2.6;Июнь 2025;MAN Е329ОМ77 ООО КР ГРУПП;Е329ОМ77;10 565;206;161,0;31,1;3118,9;2 919;2 666;27,6;22;0,7;29,0;62;257;;
2.7;Июнь 2025;MAN М065МН777 ООО КР ГРУПП;М065МН777;8 493;135;118,4;13,9;1984,8;1 942;2 042;22,9;49;3,6;30,4;59;341;;
2.8;Июнь 2025;MAN Р601КХ77 ООО КР ГРУПП;Р601КХ77;2 222;74;45,5;18,9;381,2;550;391;24,7;23;1,2;31,7;30;139;;
2.9;Июнь 2025;MAN Х584ВМ777 ООО КР ГРУПП;Х584ВМ777;5 461;102;86,6;12,5;1997,1;1 580;1 570;28,9;25;2,0;29,9;65;148;;
2.10;Июнь 2025;КАМАЗ В939УС799 ООО КР ГРУПП;В939УС799;7 889;174;142,0;28,6;1844,3;1 930;1 873;24,5;31;1,1;32,3;44;130;;
2.11;Июнь 2025;КАМАЗ В979УС799 ООО КР ГРУПП;В979УС799;13 849;212;187,2;23,0;2942,7;2 822;2 762;20,4;30;1,3;28,0;55;148;;
2.12;Июнь 2025;КАМАЗ М542МА799 ООО КР ГРУПП;М542МА799;9 945;202;160,4;32,3;2877,2;3 053;2 753;30,7;255;7,9;29,8;61;233;;
2.13;Июнь 2025;КАМАЗ М577МА799 ООО КР ГРУПП;М577МА799;3 840;128;106,7;21,0;1267,3;1 421;1 408;37,0;111;5,3;35,5;37;129;;
2.14;Июнь 2025;КАМАЗ М609МА799 ООО КР ГРУПП;М609МА799;18 378;212;188,7;15,6;3233,6;3 177;2 969;19,0;75;4,8;29,6;55;444;;
2.15;Июнь 2025;КАМАЗ О929КВ799 ООО КР ГРУПП;О929КВ799;12 397;197;172,6;13,1;3177,0;3 289;2 847;26,5;150;11,4;28,5;60;148;;
2.16;Июнь 2025;КАМАЗ Р089КВ799 ООО КР ГРУПП;Р089КВ799;13 925;208;173,0;25,1;2965,2;3 054;2 856;24,2;118;4,7;27,4;62;144;;
2.17;Июнь 2025;КАМАЗ Р213КВ799 ООО КР ГРУПП;Р213КВ799;17 877;242;213,4;26,3;4352,2;4 339;4 172;24,3;166;6,3;29,4;68;148;;
2.18;Июнь 2025;КАМАЗ Р235КВ799 ООО КР ГРУПП;Р235КВ799;8 497;122;112,2;8,7;2016,1;2 114;2 098;28,4;29;3,3;31,4;61;137;;
2.19;Июнь 2025;КАМАЗ У441ВО799 ООО КР ГРУПП;У441ВО799;11 601;217;178,3;34,5;3034,7;3 009;2 840;25,9;267;7,7;27,5;58;443;;
2.20;Июнь 2025;КАМАЗ У451ВО799 ООО КР ГРУПП;У451ВО799;8 344;159;133,6;17,1;2154,6;2 130;1 874;25,1;72;4,2;33,4;48;143;;
2.21;Июнь 2025;КАМАЗ Х066ВО799 ООО КР ГРУПП;Х066ВО799;3 167;67;47,3;15,6;764,3;961;948;25,0;54;3,5;28,4;69;146;;
2.22;Июнь 2025;КАМАЗ Х132ВО799 ООО КР ГРУПП;Х132ВО799;12 959;185;164,1;15,4;3392,5;3 356;3 434;26,1;33;2,2;35,1;63;204;;
1.1;Июль 2025;DAF К639ХВ777 ООО КР ГРУПП;к639хв777;9 425;159;141,9;15,5;2310,4;2 519;2 506;26,7;17;1,1;26,6;69;148;;
1.2;Июль 2025;DAF О569ХМ777 ООО КР ГРУПП;о569хм777;12 336;272;223,2;42,8;4122,8;4 014;3 368;32,5;103;2,4;27,3;67;148;;
1.3;Июль 2025;FAW О645КА977 ООО КР ГРУПП;О645КА977;13 868;290;247,9;42,0;3860,4;3 807;3 610;27,5;197;4,7;26,0;18;125;;
1.4;Июль 2025;IVECO Н904ТТ797 ООО КР ГРУПП;Н904ТТ797(В867ОА50);3 508;92;76,7;14,3;1292,7;1 142;1 046;32,6;84;5,9;29,8;44;145;;
1.5;Июль 2025;MAN А033КМ77 ООО КР ГРУПП;А033КМ77;11 229;264;205,3;43,8;3350,0;3 393;3 287;30,2;55;1,3;29,3;60;148;;
1.6;Июль 2025;MAN Е329ОМ77 ООО КР ГРУПП;Е329ОМ77;13 218;333;236,7;80,8;3775,3;4 141;3 718;31,3;96;1,2;28,1;61;148;;
1.7;Июль 2025;MAN М065МН777 ООО КР ГРУПП;М065МН777;4 439;96;79,6;10,7;1186,6;1 307;1 344;29,5;41;3,8;30,3;57;146;;
1.8;Июль 2025;MAN Р601КХ77 ООО КР ГРУПП;Р601КХ77;5 033;243;152,0;57,5;2215,0;1 990;1 506;39,5;111;1,9;29,9;40;139;;
1.9;Июль 2025;MAN Х584ВМ777 ООО КР ГРУПП;Х584ВМ777;7 856;174;134,7;32,7;2310,2;2 416;2 273;30,7;69;2,1;28,9;64;146;;
1.10;Июль 2025;КАМАЗ В939УС799 ООО КР ГРУПП;В939УС799;9 562;201;171,9;24,8;2969,8;2 863;2 826;29,9;61;2,5;29,6;58;148;;
1.11;Июль 2025;КАМАЗ В979УС799 ООО КР ГРУПП;В979УС799;10 642;244;206,2;27,4;3029,8;3 003;2 901;28,2;39;1,4;27,3;55;148;;
1.12;Июль 2025;КАМАЗ М542МА799 ООО КР ГРУПП;М542МА799;8 155;153;132,4;15,7;2450,4;2 462;2 315;30,2;169;10,7;28,4;63;148;;
1.13;Июль 2025;КАМАЗ М577МА799 ООО КР ГРУПП;М577МА799;4 381;147;119,8;25,5;1698,7;1 556;1 520;35,5;113;4,4;34,7;36;149;;
1.14;Июль 2025;КАМАЗ М609МА799 ООО КР ГРУПП;М609МА799;11 614;260;225,0;24,6;3779,1;3 679;3 293;31,7;130;5,3;28,4;56;148;;
1.15;Июль 2025;КАМАЗ О929КВ799 ООО КР ГРУПП;О929КВ799;7 538;199;143,9;35,8;2841,6;2 746;2 168;36,4;207;5,8;28,8;57;148;;
1.16;Июль 2025;КАМАЗ Р089КВ799 ООО КР ГРУПП;Р089КВ799;7 057;170;133,9;25,4;2114,5;2 119;1 875;30,0;166;6,5;26,6;55;148;;
1.17;Июль 2025;КАМАЗ Р213КВ799 ООО КР ГРУПП;Р213КВ799;11 073;230;184,0;40,7;3158,7;3 330;3 082;30,1;266;6,5;27,8;62;148;;
1.18;Июль 2025;КАМАЗ Р235КВ799 ООО КР ГРУПП;Р235КВ799;9 277;201;174,9;18,0;3214,7;2 942;2 838;31,7;59;3,3;30,6;56;148;;
1.19;Июль 2025;КАМАЗ У441ВО799 ООО КР ГРУПП;У441ВО799;12 697;275;222,2;48,2;4447,7;4 645;3 936;36,6;392;8,1;31,0;58;146;;
1.20;Июль 2025;КАМАЗ У451ВО799 ООО КР ГРУПП;У451ВО799;11 321;233;198,2;24,1;3555,7;3 689;3 346;32,6;86;3,6;29,6;63;148;;
1.21;Июль 2025;КАМАЗ Х066ВО799 ООО КР ГРУПП;Х066ВО799;8 908;214;158,2;47,8;3066,2;2 798;2 737;31,4;214;4,5;30,7;58;148;;
1.22;Июль 2025;КАМАЗ Х132ВО799 ООО КР ГРУПП;Х132ВО799;10 985;264;180,3;73,5;3827,1;3 782;3 792;28,8;179;2,4;34,5;63;146;;
1.1;Август 2025;DAF К639ХВ777 ООО КР ГРУПП;к639хв777;10 529;204;176,1;21,9;3118,7;2 969;2 887;26,1;32;1,5;27,4;64;148;;
1.2;Август 2025;DAF О569ХМ777 ООО КР ГРУПП;о569хм777;11 993;250;219,0;20,7;3948,8;3 947;3 513;28,0;31;1,5;29,3;65;146;;
1.3;Август 2025;FAW О645КА977 ООО КР ГРУПП;О645КА977;14 333;252;225,4;27,0;3706,9;3 752;3 651;26,2;101;3,7;25,5;19;122;;
1.4;Август 2025;IVECO Н904ТТ797 ООО КР ГРУПП;Н904ТТ797(В867ОА50);7 558;180;151,3;28,1;2383,8;2 515;2 370;31,2;131;4,8;31,4;47;146;;
1.5;Август 2025;MAN А033КМ77 ООО КР ГРУПП;А033КМ77;10 715;247;196,1;31,0;3450,5;3 295;2 981;30,8;53;1,9;27,8;62;148;;
1.6;Август 2025;MAN Е329ОМ77 ООО КР ГРУПП;Е329ОМ77;8 356;173;150,6;16,8;2800,2;2 616;2 401;28,1;9;0,5;28,7;59;148;;
1.7;Август 2025;MAN М065МН777 ООО КР ГРУПП;М065МН777;12 665;256;219,5;24,2;3917,6;3 674;3 633;26,2;83;3,5;28,7;62;148;;
1.8;Август 2025;MAN Р601КХ77 ООО КР ГРУПП;Р601КХ77;1 549;76;53,6;18,7;380,5;636;400;41,0;47;2,6;25,8;32;139;;
1.9;Август 2025;MAN Х584ВМ777 ООО КР ГРУПП;Х584ВМ777;1 841;154;135,0;14,3;2120,6;2 333;2 303;31,3;24;1,7;50,1;36;143;;
1.10;Август 2025;КАМАЗ В939УС799 ООО КР ГРУПП;В939УС799;4 710;178;123,5;46,5;1324,8;1 392;1 590;29,5;62;1,4;33,4;42;148;;
1.11;Август 2025;КАМАЗ В979УС799 ООО КР ГРУПП;В979УС799;6 017;116;102,1;11,5;1412,7;1 545;1 516;25,7;19;1,6;25,2;62;120;;
1.12;Август 2025;КАМАЗ М542МА799 ООО КР ГРУПП;М542МА799;8 709;164;131,8;24,1;2896,2;2 747;2 542;31,5;209;9,0;29,2;;148;;
1.13;Август 2025;КАМАЗ М577МА799 ООО КР ГРУПП;М577МА799;11 500;345;291,6;51,4;;;;;;;;42;148;;
1.14;Август 2025;КАМАЗ М609МА799 ООО КР ГРУПП;М609МА799;11 158;276;214,3;49,3;2928,5;3 127;2 570;25,5;179;3,7;23,0;54;146;;
1.15;Август 2025;КАМАЗ О929КВ799 ООО КР ГРУПП;О929КВ799;6 823;136;118,3;12,2;2274,2;2 295;1 927;30,6;136;11,5;28,2;57;124;;
1.16;Август 2025;КАМАЗ Р089КВ799 ООО КР ГРУПП;Р089КВ799;11 420;245;187,9;48,2;3714,2;3 544;3 273;29,1;240;5,1;28,7;64;148;;
1.17;Август 2025;КАМАЗ Р213КВ799 ООО КР ГРУПП;Р213КВ799;12 996;259;208,4;43,6;3798,7;3 825;3 620;27,4;263;6,0;27,9;63;148;;
1.18;Август 2025;КАМАЗ Р235КВ799 ООО КР ГРУПП;Р235КВ799;11 565;248;211,0;26,7;3396,7;3 464;3 319;27,2;97;3,8;28,7;59;128;;
1.19;Август 2025;КАМАЗ У441ВО799 ООО КР ГРУПП;У441ВО799;2 665;145;51,7;38,1;786,3;846;774;29,5;91;2,4;29,0;54;107;;
1.20;Август 2025;КАМАЗ У451ВО799 ООО КР ГРУПП;У451ВО799;10 026;223;191,8;25,5;2706,2;2 949;2 712;25,7;75;3,0;27,1;58;146;;
1.21;Август 2025;КАМАЗ Х066ВО799 ООО КР ГРУПП;Х066ВО799;;260;197,6;57,6;3281,4;3 210;3 115;;258;4,5;;;148;;
1.22;Август 2025;КАМАЗ Х132ВО799 ООО КР ГРУПП;Х132ВО799;13 108;264;225,0;33,7;4253,5;4 180;4 287;31,9;60;1,8;32,7;61;146;;
1.1;Сентябрь 2025;DAF К639ХВ777 ООО КР ГРУПП;к639хв777;15 227;301;239,9;53,5;4227,2;4 317;4 052;28,4;88;1,7;26,6;177;146;;
1.2;Сентябрь 2025;DAF О569ХМ777 ООО КР ГРУПП;о569хм777;13 379;271;224,1;42,3;4137,1;3 969;3 715;27,2;67;1,6;27,8;64;148;;
1.3;Сентябрь 2025;DAF О643ХМ777 ООО КР ГРУПП;О643ХМ777;6 806;453;112,8;14,3;2342,7;2 176;1 617;32,0;60;4,1;23,8;62;148;;
1.4;Сентябрь 2025;DAF О959ТУ777 ООО КР ГРУПП;О959ТУ777;5 619;146;100,4;21,6;1923,9;1 702;1 184;30,3;32;1,5;21,1;2576;146;;
1.5;Сентябрь 2025;DAF О985ТУ777 ООО КР ГРУПП;О985ТУ777;8 382;213;188,9;17,8;4202,9;4 090;2 244;26,5;64;3,6;26,8;67;143;;
1.6;Сентябрь 2025;FAW О645КА977 ООО КР ГРУПП;О645КА977;12 702;257;217,7;39,4;3332,1;3 305;3 207;26,0;123;3,1;25,2;17;115;;
1.7;Сентябрь 2025;IVECO Н904ТТ797 ООО КР ГРУПП;Н904ТТ797(В867ОА50);5 120;132;113,4;16,9;1744,5;1 810;1 709;34,0;99;6,1;33,4;42;146;;
1.8;Сентябрь 2025;MAN А033КМ77 ООО КР ГРУПП;А033КМ77;14 491;4 175;3582,5;441,8;3961,4;4 225;3 945;29,2;45;1,8;27,2;472;144;;
1.9;Сентябрь 2025;MAN Е329ОМ77 ООО КР ГРУПП;Е329ОМ77;11 180;303;210,2;82,4;3957,3;3 869;3 348;34,6;102;1,3;29,9;57;148;;
1.10;Сентябрь 2025;MAN М065МН777 ООО КР ГРУПП;М065МН777;12 968;255;225,2;22,1;3633,3;3 909;3 747;27,2;147;6,8;28,9;61;148;;
1.11;Сентябрь 2025;MAN Р601КХ77 ООО КР ГРУПП;Р601КХ77;4 226;182;115,0;49,9;1468,8;1 597;1 149;37,8;119;2,4;27,2;39;119;;
1.12;Сентябрь 2025;MAN Х584ВМ777 ООО КР ГРУПП;Х584ВМ777;1 593;170;152,4;15,5;2685,3;2 875;2 618;31,1;45;2,9;42,8;42;148;;
1.13;Сентябрь 2025;КАМАЗ В939УС799 ООО КР ГРУПП;В939УС799;17 475;315;222,5;79,4;4275,8;3 985;3 527;22,8;160;2,0;19,9;88;144;;
1.14;Сентябрь 2025;КАМАЗ В979УС799 ООО КР ГРУПП;В979УС799;12 313;248;214,2;25,3;3508,8;3 376;3 279;27,4;39;1,5;26,6;61;148;;
1.15;Сентябрь 2025;КАМАЗ М542МА799 ООО КР ГРУПП;М542МА799;55;5;1,8;1,0;;34;10;42,5;14;15,8;18,3;30;96;;
1.16;Сентябрь 2025;КАМАЗ М577МА799 ООО КР ГРУПП;М577МА799;7 021;308;230,1;76,7;1665,2;1 447;1 201;20,6;196;2,6;17,1;31;148;;
1.17;Сентябрь 2025;КАМАЗ М609МА799 ООО КР ГРУПП;М609МА799;14 355;308;242,6;45,6;4419,6;4 547;3 471;31,7;189;4,7;24,2;531;143;;
1.18;Сентябрь 2025;КАМАЗ О929КВ799 ООО КР ГРУПП;О929КВ799;8 938;156;138,3;8,6;2826,8;2 732;2 361;30,6;124;15,0;26,4;109751;148;;
1.19;Сентябрь 2025;КАМАЗ Р089КВ799 ООО КР ГРУПП;Р089КВ799;8 655;216;154,2;51,1;2637,2;2 629;2 293;30,4;259;5,2;14,2;111;148;;
1.20;Сентябрь 2025;КАМАЗ Р213КВ799 ООО КР ГРУПП;Р213КВ799;12 553;237;199,6;29,6;3925,1;3 730;3 472;29,7;206;7,0;27,7;570;148;;
1.21;Сентябрь 2025;КАМАЗ Р235КВ799 ООО КР ГРУПП;Р235КВ799;3 683;136;123,1;7,9;1045,3;1 142;1 079;15,2;27;3,5;29,3;52;124;;
1.22;Сентябрь 2025;КАМАЗ У451ВО799 ООО КР ГРУПП;У451ВО799;15 506;127;105,8;11,5;3091,2;2 804;1 785;18,1;68;6,1;11,5;162;139;;
1.23;Сентябрь 2025;КАМАЗ Х066ВО799 ООО КР ГРУПП;Х066ВО799;13 480;295;230,0;46,1;3963,0;3 855;3 593;28,6;219;4,8;26,7;61;148;;
1.24;Сентябрь 2025;КАМАЗ Х132ВО799 ООО КР ГРУПП;Х132ВО799;17 856;242;213,8;19,5;4681,2;4 643;4 455;26,0;48;2,6;22,2;101;148;;
;;;;;;;;;;;;;;;;;;
;;;;;;;;;;;;;;;;;;
